ID,Loc,Block,Border,Row,Tree,Fam,Sur0,Sur1,Sur2,GLD0,GLD1,GLD2,HT0,HT1,HT2,DBH3,DBH4,DBH5,DBH6,DBH7,HT3,HT4,HT5,HT6,HT7,CHT5,CHT6,CHT7
20212,HF,1,0,2,12,AGH2,0,0,1,3.77,6.37,.,0.39,0.405,.,.,.,.,.,.,.,.,.,.,.,.,.,.
20213,HF,1,0,2,13,AGH2,0,1,1,5.57,.,.,0.43,.,.,.,.,.,.,.,.,.,.,.,.,.,.,.
20214,HF,1,0,2,14,AGH2,0,0,0,4.63,14.29,54.15,0.38,0.807,2.42,2.65938,5.595,8.89,11.176,14,3.0353,4.2672,5.0546,5.4864,7.638288,0.381,0.6858,0.762
20312,HF,1,0,3,12,AGH2,0,1,1,7.45,.,.,0.53,.,.,.,.,.,.,.,.,.,.,.,.,.,.,.
20313,HF,1,0,3,13,AGH2,0,0,1,5.61,11.44,.,0.52,0.713,.,.,.,.,.,.,.,.,.,.,.,.,.,.
20314,HF,1,0,3,14,AGH2,0,0,0,6.79,12.37,15.6,0.46,0.918,1.28,.,.,.,.,.,.,.,.,.,.,.,.,.
20412,HF,1,0,4,12,AGH2,1,1,1,.,.,.,.,.,.,.,.,.,.,.,.,.,.,.,.,.,.,.
20413,HF,1,0,4,13,AGH2,0,0,0,5.46,13.94,41.2,0.33,0.75,1.7,1.0541,2.488,5.08,6.858,7.999999999,2.0955,2.794,3.0734,4.572,9.144,0.050800102,0.4572,0.4572
20414,HF,1,0,4,14,AGH2,0,0,0,7.04,10.29,36.1,0.39,0.492,1.38,0.81788,1.709,3.81,5.842,7.199999999,1.8161,2.4638,3.7338,5.0292,9.7536,0.5334,0.4826,0.4572
20707,HF,2,0,7,7,AGH2,0,0,0,6.38,18.54,50.19,0.38,0.692,1.6,0.75692,3.74,6.35,10.922,12,2.2352,3.4036,5.2832,5.1816,7.62,0.508000102,0.6604,0.9144
20708,HF,2,0,7,8,AGH2,0,0,0,5.25,13.52,30.64,0.43,0.571,1.89,0.78232,2.671,5.08,6.858,7.500000001,2.1844,2.7686,0.8128,4.572,6.7056,0.584200102,1.3715,2.83464
20709,HF,2,0,7,9,AGH2,0,0,0,5.4,10.68,32.52,0.36,0.597,1.51,0.62484,2.451,5.08,8.382,9.6,1.8415,2.8194,4.4704,5.0292,6.858,0.812800102,0.762,1.2192
20807,HF,2,0,8,7,AGH2,0,0,0,4.75,8.89,28.88,0.45,0.87,1.82,1.69164,4.284,6.35,10.16,10.9,2.4511,3.7592,5.5626,6.096,5.4864,0.584200102,0.9398,1.31064
20808,HF,2,0,8,8,AGH2,0,0,1,2.58,12.73,.,0.35,0.83,.,.,.,.,.,.,.,.,.,.,.,.,.,.
20809,HF,2,0,8,9,AGH2,0,0,0,2.42,6.49,20.96,0.31,0.35,1.18,0.55372,2.167,5.08,7.62,7.999999999,1.7018,2.8956,5.08,5.9436,7.7724,0.6096,1.3715,2.07264
20907,HF,2,0,9,7,AGH2,0,0,0,6.82,18.95,44.8,0.56,0.913,2.2,2.4003,5.35,7.62,10.16,10.5,2.8194,4.0132,5.3848,5.7912,8.433816,0.508000102,3.0173,2.71272
20908,HF,2,0,9,8,AGH2,0,0,0,5.78,16.15,42,0.37,0.954,1.94,1.95834,4.725,6.35,10.668,10.5,2.6924,4.0386,5.9055,5.9436,8.253984,0.253999898,0.7366,2.40792
20909,HF,2,0,9,9,AGH2,0,0,0,5.82,12.93,37.2,0.43,0.86,1.85,1.5875,5.294,7.62,10.668,10.5,2.5908,3.9624,6.0706,5.1816,5.586984,0.431800102,0.5588,2.52984
21217,HF,3,0,12,17,AGH2,0,0,0,3.75,14.81,35.7,0.39,0.889,1.54,1.49352,4.18,7.62,8.382,8.600000001,2.4638,3.683,7.2898,6.096,8.001,0.482599898,1.6763,3.32232
21218,HF,3,0,12,18,AGH2,0,0,0,5.41,11.97,36.8,0.38,0.52,1.33,1.18618,3.28,7.62,8.128,9.3,2.1336,3.429,7.2898,6.096,8.025384,0.1524,0.762,2.5146
21219,HF,3,0,12,19,AGH2,0,0,0,4.77,11.11,34,0.37,0.52,1.44,2.09042,4.638,7.62,9.652,11.5,2.2225,3.5814,7.4168,5.4864,5.919216,0.3048,2.0115,3.048
21317,HF,3,0,13,17,AGH2,0,0,0,7.14,15,41.48,0.55,0.645,1.54,2.19202,4.846,7.62,10.414,12.7,2.3749,3.7846,5.3594,5.9436,.,0.253999898,0.4064,2.2098
21318,HF,3,0,13,18,AGH2,0,0,0,5.56,8.28,18.75,0.38,0.595,1.26,0.46482,1.965,4.826,7.62,11.938,1.6002,2.4892,4.2037,4.8768,.,0.508000102,0.5588,2.25552
21319,HF,3,0,13,19,AGH2,0,1,1,4.17,.,.,0.45,.,.,.,.,.,.,.,.,.,.,.,.,.,.,.
21417,HF,3,0,14,17,AGH2,0,0,0,4.44,13.44,36.61,0.4,0.72,1.51,1.12014,2.727,4.318,6.604,10.16,2.0574,3.175,5.08,5.4864,10.0584,0.355600102,0.889,2.1336
21418,HF,3,0,14,18,AGH2,0,0,0,4.11,12.4,38.28,0.31,0.763,1.54,1.82626,4.481,7.366,10.16,9.906,2.5146,3.556,5.3594,5.7912,10.3632,0.558799898,0.8382,2.1336
21419,HF,3,0,14,19,AGH2,0,0,0,6.93,16.23,35.43,0.47,0.782,1.59,1.7653,4.126,7.112,10.16,11.938,2.2352,3.302,4.7244,5.1816,9.7536,0.5334,0.4064,1.905
21722,HF,4,0,17,22,AGH2,0,0,0,8.26,16.9,33.2,0.53,0.938,1.5,2.85496,3.03,7.62,7.62,12.192,3.1369,2.921,4.3307,4.8768,10.3632,0.482599898,1.6763,0.67056
21723,HF,4,0,17,23,AGH2,0,0,0,6.11,9.95,23.5,0.42,0.473,1.19,2.42062,2.577,5.08,8.636,13.97,2.7432,2.7686,4.7117,4.8768,10.668,0.584200102,0.6858,1.00584
21724,HF,4,0,17,24,AGH2,0,0,0,7.12,12.31,19.1,0.42,0.514,1.07,2.413,1.348,3.81,6.858,10.16,2.8448,2.3622,4.0894,4.572,10.0584,0.482599898,0.8128,1.81356
21822,HF,4,0,18,22,AGH2,0,0,0,4.64,7.44,18.6,0.36,0.388,1.2,1.03124,2.767,3.81,7.874,6.35,1.6764,2.921,4.1021,4.8768,8.2296,0.6096,0.6096,0.85344
21823,HF,4,0,18,23,AGH2,0,1,0,5.37,.,27.1,0.54,.,1.4,.,.,5.08,.,9.398,.,.,4.572,.,8.5344,.,.,.
21824,HF,4,0,18,24,AGH2,0,0,1,4.58,8.86,.,0.52,0.525,.,0.67818,2.677,5.08,8.636,8.382,1.778,2.9464,5.1181,5.4864,9.144,0.6096,0.7112,0.67056
21922,HF,4,0,19,22,AGH2,0,0,0,5.07,13.6,33.6,0.5,1.055,1.63,2.05994,4.468,7.62,9.398,8.89,2.1844,3.556,5.08,6.096,8.2296,0.558799898,0.7874,1.3716
21923,HF,4,0,19,23,AGH2,0,0,0,4.86,17.09,35.1,0.45,0.814,1.64,1.73482,4.116,6.35,10.16,10.668,2.2987,3.302,5.2705,6.096,8.5344,0.431800102,0.9906,0.9144
21924,HF,4,0,19,24,AGH2,0,1,1,6.59,.,.,0.34,.,.,.,.,6.35,.,8.89,.,.,5.3213,.,8.5344,.,.,.
20207,HF,1,0,2,7,AGH25,0,1,1,5.87,.,.,0.37,.,.,.,.,.,.,.,.,.,.,.,.,.,.,.
20208,HF,1,0,2,8,AGH25,0,1,1,5.61,.,.,0.42,.,.,.,.,.,.,.,.,.,.,.,.,.,.,.
20209,HF,1,0,2,9,AGH25,0,0,0,5.51,14.86,53.57,0.38,0.692,1.95,1.88976,4.034,8.89,10.16,13,2.5273,3.5814,5.0038,4.2672,5.800344,0.508000102,0.4064,0.48768
20307,HF,1,0,3,7,AGH25,0,1,1,5.31,.,.,0.36,.,.,.,.,.,.,.,.,.,.,.,.,.,.,.
20308,HF,1,0,3,8,AGH25,0,0,0,4.27,17.89,48.9,0.38,1.173,2.34,2.63398,5.744,8.89,11.684,13.2,3.0607,4.445,5.4102,5.334,6.708648,0.634999898,0.7366,0.762
20309,HF,1,0,3,9,AGH25,0,0,0,3.05,12.3,37.3,0.38,0.827,1.97,1.17602,2.845,5.08,7.62,9.000000001,2.5019,3.429,4.6228,5.6388,7.028688,0.762,1.2191,1.524
20407,HF,1,0,4,7,AGH25,0,1,1,6.07,.,.,0.41,.,.,.,.,5.08,.,.,.,.,4.9276,.,.,.,.,.
20408,HF,1,0,4,8,AGH25,0,0,0,5.68,16.56,31.7,0.32,1.048,1.16,0.30988,1.359,.,8.128,9.400000001,1.4732,2.413,.,5.7912,9.4488,0.558799898,0.8248,0.82296
20409,HF,1,0,4,9,AGH25,0,0,0,4.77,13.24,33.2,0.34,0.51,1.32,.,.,5.08,.,.,.,.,3.1496,.,.,.,.,.
20712,HF,2,0,7,12,AGH25,0,0,0,4.03,10.48,9.95,0.37,0.435,0.61,.,0.694,2.54,6.858,4.499999999,.,1.9812,3.81,5.1816,6.858,0.6858,1.3462,0.42672
20713,HF,2,0,7,13,AGH25,0,0,0,4.73,11,27.98,0.47,0.563,1.32,0.98806,3.453,6.35,8.636,10.2,2.032,3.2004,4.445,5.334,7.62,0.584200102,1.8287,2.07264
20714,HF,2,0,7,14,AGH25,0,0,0,4.27,10.89,30.76,0.41,0.546,1.49,1.03886,2.752,6.35,7.366,8.4,2.2479,3.2766,4.9022,5.6388,7.9248,0.584200102,1.8287,0.12192
20812,HF,2,0,8,12,AGH25,0,0,0,2.8,9.53,36.92,0.33,0.52,1.86,1.40462,4.519,7.62,10.16,9.000000001,2.54,3.6068,5.6134,6.096,8.3058,0.6096,1.5239,3.26136
20813,HF,2,0,8,13,AGH25,0,0,0,5.31,16.51,35.65,0.46,0.89,1.91,1.39192,3.909,5.08,8.89,9.000000001,2.5146,3.4798,5.3594,6.4008,8.433816,0.431800102,1.4629,3.18516
20814,HF,2,0,8,14,AGH25,0,0,0,5.95,15,50.92,0.34,0.974,2.02,2.09296,5.224,7.62,10.16,10.8,2.9845,4.2164,5.969,6.7056,8.129016,0.736600102,3.0478,3.48996
20912,HF,2,0,9,12,AGH25,0,0,0,5.68,14.76,50.2,0.43,0.844,1.91,2.37744,5.219,6.35,10.16,11.6,2.8702,4.5974,6.5278,6.096,8.433816,0.1524,1.0922,0.4572
20913,HF,2,0,9,13,AGH25,0,0,0,4.72,16.35,29,0.45,0.814,1.62,1.40208,3.738,5.08,8.89,9.2,2.4638,3.6068,5.4102,5.4864,8.787384,0.4572,1.4324,2.5908
20914,HF,2,0,9,14,AGH25,0,0,0,4.82,16.14,37.5,0.42,0.968,1.82,1.93548,4.368,6.35,8.89,9.000000001,2.6797,4.0132,5.5118,4.8768,7.949184,0.5334,0.9348,1.64592
21227,HF,3,0,12,27,AGH25,0,0,0,5.01,6.78,22.6,0.39,0.504,1.34,0.97028,3.281,8.636,8.89,9.099999999,1.8288,3.0988,7.2898,5.4864,7.3152,0.634999898,0.762,0.82296
21228,HF,3,0,12,28,AGH25,0,0,0,3.79,7.92,26.8,0.39,0.523,1.28,1.05664,3.456,8.89,7.62,8.1,1.9304,3.175,7.2898,4.572,6.6294,0.381,0.7112,0.82296
21229,HF,3,0,12,29,AGH25,0,0,0,4.35,12.59,33.2,0.49,0.832,1.74,2.0701,3.707,9.398,9.398,10.3,2.3495,3.9624,7.3787,4.8768,6.757416,0.355600102,0.3556,0.9144
21327,HF,3,0,13,27,AGH25,0,0,0,3.23,6.98,23.4,0.28,0.478,1.12,0.64516,2.294,5.08,8.128,10.16,1.6891,2.7432,4.3434,4.8768,.,0.355600102,0.7112,0.4572
21328,HF,3,0,13,28,AGH25,0,1,0,5.23,.,6.24,0.37,.,0.47,.,.,.,.,.,.,.,.,.,.,.,.,.
21329,HF,3,0,13,29,AGH25,0,0,0,4.81,9.94,29.37,0.5,0.63,1.54,1.5621,4.187,6.858,9.652,11.684,2.22631,3.5306,4.8133,4.572,.,0.381,0.9144,0.51816
21427,HF,3,0,14,27,AGH25,0,0,0,4.46,18.42,43.7,0.41,0.805,1.71,1.93802,4.436,6.858,8.89,10.16,2.5019,3.4798,4.7371,5.0292,9.144,0.330199898,0.508,0.36576
21428,HF,3,0,14,28,AGH25,0,0,0,4.2,16.92,42.22,0.37,0.763,1.62,1.6129,3.687,6.096,8.382,8.89,2.5527,3.2258,4.6482,4.572,9.144,0.3048,0.381,0.51816
21429,HF,3,0,14,29,AGH25,0,0,0,4.37,11.68,31,0.41,0.694,1.44,1.40716,3.537,5.08,8.636,10.668,2.2225,3.302,5.0419,4.8768,8.5344,0.558799898,0.8128,0.97536
21712,HF,4,0,17,12,AGH25,0,0,0,6.31,8.58,18.5,0.52,0.454,1.22,1.2827,1.467,3.81,5.588,13.462,2.159,2.4384,4.4958,4.572,10.0584,0.558799898,1.2191,2.9718
21713,HF,4,0,17,13,AGH25,0,0,0,3.22,10.82,30.7,0.35,0.434,1.37,2.02438,2.757,5.08,7.112,10.414,2.413,3.175,4.5085,4.8768,10.0584,0.558799898,1.5239,1.2192
21714,HF,4,0,17,14,AGH25,0,0,0,7.96,16.48,34.6,0.44,1.011,2.06,0.9398,4.375,7.62,10.16,12.954,2.159,3.556,4.7498,4.8768,10.3632,0.4572,1.2191,0.1524
21812,HF,4,0,18,12,AGH25,0,0,0,5.37,16.42,21.1,0.47,1.037,2.32,3.11658,5.792,7.62,9.652,10.16,3.048,4.3688,5.3594,5.4864,9.7536,0.6096,1.9201,0.3048
21813,HF,4,0,18,13,AGH25,0,0,0,7.16,14.62,35.8,0.51,0.856,1.72,1.36398,4.235,7.62,8.636,5.334,2.413,3.937,6.1341,5.4864,7.9248,0.355600102,2.4992,4.0386
21814,HF,4,0,18,14,AGH25,0,0,0,6.27,12.13,28.9,0.5,0.612,1.34,1.31826,3.461,6.35,7.62,12.446,2.0574,3.2766,5.715,5.1816,10.3632,0.330199898,2.1334,0.4572
21912,HF,4,0,19,12,AGH25,0,0,0,7.04,13.05,50.3,0.48,0.523,1.62,2.06248,5.157,6.35,7.874,6.604,2.5908,4.1148,6.1976,6.096,7.62,0.508000102,1.0414,0.3048
21913,HF,4,0,19,13,AGH25,0,0,0,6.3,16.22,41.3,0.56,0.7,1.92,2.0955,4.4,7.62,10.414,11.43,2.667,3.9116,5.4991,6.096,8.2296,0.4572,1.2197,1.56972
21914,HF,4,0,19,14,AGH25,0,0,0,6.79,19.29,35.5,0.54,0.54,1.5,1.30048,4.119,6.35,8.89,11.43,2.1844,3.6322,5.5372,6.096,8.5344,0.5334,1.2446,1.73736
20222,HF,1,0,2,22,AGHS1,1,1,1,.,.,.,.,.,.,.,.,.,.,.,.,.,.,.,.,.,.,.
20223,HF,1,0,2,23,AGHS1,0,1,1,5.07,.,.,0.51,.,.,.,.,.,.,.,.,.,.,.,.,.,.,.
20224,HF,1,0,2,24,AGHS1,0,0,0,7.15,13.09,22.6,0.6,0.742,1.38,1.49098,3.595,6.35,7.62,9.499999999,2.2733,4.0894,5.7404,6.096,7.946136,0.431800102,2.774,3.243072
20322,HF,1,0,3,22,AGHS1,0,0,0,4.69,14.71,42.1,0.55,1.38,2.15,2.14884,5.194,10.16,11.684,12.5,2.921,4.5466,6.1976,5.4864,8.2296,0.050800102,1.0414,1.93548
20323,HF,1,0,3,23,AGHS1,0,0,0,6.33,13.29,55.8,0.57,1.104,2.5,3.76936,6.767,11.43,12.446,15,3.4798,5.2832,6.3246,6.096,8.2296,0.8382,2.1334,1.0668
20324,HF,1,0,3,24,AGHS1,0,1,1,4.18,.,.,0.51,.,.,.,.,.,.,.,.,.,.,.,.,.,.,.
20422,HF,1,0,4,22,AGHS1,0,0,0,6.78,19.41,48.4,0.59,0.89,2.37,2.82956,5.387,7.62,8.89,9.000000001,3.1496,4.6482,6.5278,6.096,13.716,0.62992001,3.4897,1.2192
20423,HF,1,0,4,23,AGHS1,0,0,0,6.48,25.15,54.9,0.67,1.19,2.77,4.0894,4.682,6.35,7.62,8.5,3.2639,4.7752,6.3246,6.096,14.3256,0.6858,3.8098,0.9144
20424,HF,1,0,4,24,AGHS1,0,0,0,7.31,23.21,48.4,0.47,1.02,2.38,2.69748,5.352,7.62,8.128,8.600000001,3.0861,4.2672,6.0452,5.7912,11.5824,1.346200102,3.2002,3.048
20717,HF,2,0,7,17,AGHS1,0,0,0,6.26,15.22,43.15,0.52,0.915,3.42,2.6797,5.533,7.62,10.16,11.5,3.1242,4.7244,6.9596,6.4008,9.144,1.244599898,3.4906,4.60248
20718,HF,2,0,7,18,AGHS1,0,0,0,5.64,18.36,47.31,0.49,1.214,2.86,2.63652,2.918,5.08,9.652,8.699999999,3.2385,4.191,5.8166,6.096,9.144,1.168399898,3.8098,1.28016
20719,HF,2,0,7,19,AGHS1,0,0,0,6.39,13.58,43.73,0.58,0.823,2.6,3.38836,6.057,7.62,10.16,10.5,3.5052,4.5466,6.9342,6.5532,9.144,1.777999898,4.2669,5.27304
20817,HF,2,0,8,17,AGHS1,0,0,0,5.03,17.59,40.58,0.62,1.257,2.58,3.13436,5.986,7.62,11.43,10.8,3.3655,5.1308,7.0104,7.0104,8.9916,1.143,3.9622,5.4102
20818,HF,2,0,8,18,AGHS1,0,0,0,6.49,17.74,42.84,0.48,1.148,2.15,2.80924,5.386,6.35,8.89,10,3.1242,4.699,6.604,7.0104,10.110216,1.168399898,3.9622,6.11124
20819,HF,2,0,8,19,AGHS1,0,0,0,4.68,12.31,33.61,0.49,1.22,2.33,2.35204,5.241,5.08,5.842,9.000000001,3.0861,4.9276,6.7564,6.7056,6.653784,1.7526,3.6574,6.6294
20917,HF,2,0,9,17,AGHS1,0,0,0,6.49,16.6,34.2,0.52,0.9,2.35,2.7813,5.122,6.35,9.398,10,3.2512,4.6228,6.858,6.4008,9.930384,1.143,3.0478,5.22732
20918,HF,2,0,9,18,AGHS1,0,0,0,4.77,17.5,34.7,0.61,1.12,1.91,2.18948,4.792,7.62,9.398,10.8,2.8829,4.5466,6.7056,6.096,9.957816,0.406399898,2.2858,5.5626
20919,HF,2,0,9,19,AGHS1,0,0,0,4.4,11.96,30.5,0.54,1.29,1.9,2.51714,5.361,7.62,10.16,10.3,3.0226,4.6736,6.6548,5.9436,9.348216,0.634999898,2.8954,4.09956
21202,HF,3,0,12,2,AGHS1,0,0,0,5.88,15.96,49.8,0.59,1.146,2.5,3.6449,6.357,7.62,11.176,12.3,3.7592,5.6896,4.6101,7.9248,10.387584,1.498600102,5.4861,2.63652
21203,HF,3,0,12,3,AGHS1,0,0,0,5.77,18.44,52.8,0.59,1.046,2.58,4.7371,7.285,5.334,8.89,12.4,3.8227,5.5118,4.2926,7.7724,9.653016,1.777999898,3.9622,6.84276
21204,HF,3,0,12,4,AGHS1,0,0,0,5.49,19.11,51.3,0.53,0.957,2.38,3.74904,6.402,6.35,9.652,11.2,3.5687,5.4102,5.0927,7.7724,10.692384,1.6002,3.0478,7.05612
21302,HF,3,0,13,2,AGHS1,0,0,0,4.36,9.01,41.6,0.62,0.74,2.22,3.04038,5.537,6.35,9.652,10.16,3.3782,5.3848,7.0358,6.7056,.,1.168399898,4.7241,5.82168
21303,HF,3,0,13,3,AGHS1,0,0,0,5.27,16.1,37.72,0.59,0.8,2.2,2.78638,5.467,6.35,8.89,10.16,3.0988,5.0292,7.1628,6.7056,.,1.244599898,4.7241,3.90144
21304,HF,3,0,13,4,AGHS1,0,0,0,6.38,10.26,29.45,0.59,0.74,1.82,2.14122,3.925,5.588,7.62,8.89,2.7813,4.6736,6.477,6.4008,.,1.3716,3.8098,5.77596
21402,HF,3,0,14,2,AGHS1,0,0,0,6.05,20.28,62.62,0.67,1.157,2.8,4.78536,6.914,9.652,12.192,12.954,3.81,5.4102,6.9215,7.4676,10.3632,0.381,0.5334,1.85928
21403,HF,3,0,14,3,AGHS1,0,0,0,5.41,22.34,69.31,0.51,1.212,2.83,4.51358,6.748,8.636,11.43,12.954,3.7973,5.0292,7.239,7.62,10.3632,0.431800102,2.219,.
21404,HF,3,0,14,4,AGHS1,0,0,0,5.04,12.33,35.18,0.61,0.807,2.32,1.79324,4.781,6.858,9.652,13.208,2.7813,4.4196,6.6802,7.3152,10.668,0.2286,1.1684,3.1242
21727,HF,4,0,17,27,AGHS1,0,0,0,6,14.91,41.7,0.55,0.697,2.34,3.99542,5.356,7.62,10.414,11.684,3.6576,4.2672,6.3627,6.096,9.7536,0.406399898,2.743,3.53568
21728,HF,4,0,17,28,AGHS1,0,0,0,5.42,17.85,44.2,0.54,1.173,1.58,3.43154,5.414,7.62,9.652,10.16,3.1877,4.4958,6.35,5.7912,10.9728,0.381,2.4382,3.91668
21729,HF,4,0,17,29,AGHS1,0,0,0,7.32,15.74,46.2,0.62,0.797,1.3,2.7686,3.486,5.08,7.62,2.54,3.0734,3.7592,5.6007,4.8768,3.6576,0.1524,0.9906,2.9718
21827,HF,4,0,18,27,AGHS1,0,0,0,5.58,11.29,32.3,0.52,1.406,1.88,3.43408,5.594,7.62,9.906,.,3.2004,4.445,5.7785,6.4008,.,0.482599898,2.4382,3.44424
21828,HF,4,0,18,28,AGHS1,0,0,0,5.72,14.16,38.1,0.62,1,2.26,2.22504,4.944,6.35,9.652,12.7,2.7432,4.2926,6.4389,6.7056,9.7536,0.4572,0.9174,2.42316
21829,HF,4,0,18,29,AGHS1,0,0,0,5.23,11.81,18,0.59,0.71,1.17,1.31318,3.219,5.08,7.112,9.906,1.8796,3.3274,5.3975,6.096,9.4488,0.482599898,0.1346,3.23088
21927,HF,4,0,19,27,AGHS1,0,0,0,4.98,18.09,47.7,0.52,1.238,2.47,3.39344,6.016,7.62,9.652,12.192,3.2258,4.9784,0.6477,7.0104,10.3632,0.381,2.1334,3.47472
21928,HF,4,0,19,28,AGHS1,0,0,0,4.64,11.45,20.4,0.54,0.77,1.24,1.15316,3.445,5.08,7.62,11.176,1.9812,3.7084,5.6134,6.7056,9.7536,0.584200102,2.743,3.41376
21929,HF,4,0,19,29,AGHS1,0,0,0,5.65,12.96,23.8,0.7,0.743,1.28,1.12014,3.444,5.08,7.112,8.636,2.0574,3.4798,5.4483,6.096,9.4488,0.381,1.6458,1.93548
20217,HF,1,0,2,17,AGHS2,1,1,1,.,.,.,.,.,.,.,.,.,.,.,.,.,.,.,.,.,.,.
20218,HF,1,0,2,18,AGHS2,0,0,0,5.15,10.24,32.72,0.49,0.731,1.94,2.39268,5.312,8.89,10.922,12.8,2.7813,4.8768,6.1976,6.4008,7.339584,0.584200102,1.433,1.73736
20219,HF,1,0,2,19,AGHS2,0,0,0,5.36,7.05,39.01,0.53,0.614,1.96,2.29108,4.304,7.62,9.144,11,2.794,4.4704,5.207,5.4864,7.043928,0.355600102,0.508,0.9144
20317,HF,1,0,3,17,AGHS2,0,0,0,5.1,10.35,41.4,0.45,0.822,2.23,2.39522,5.316,8.89,10.414,13.5,3.0099,4.4958,6.1468,6.7056,7.946136,0.431800102,1.1938,0.9144
20318,HF,1,0,3,18,AGHS2,0,1,1,4.56,.,.,0.45,.,.,.,.,.,.,.,.,.,.,.,.,.,.,.
20319,HF,1,0,3,19,AGHS2,0,0,1,5.36,13.19,.,0.49,0.888,.,.,0.873,3.81,4.572,9.2,0.7366,2.0066,4.445,4.8768,6.425184,0.355600102,1.5239,1.24968
20417,HF,1,0,4,17,AGHS2,0,0,0,4.7,14.47,35.8,0.44,0.631,2.26,2.53492,5.325,8.89,9.652,9.800000001,2.921,4.6736,6.4008,6.4008,11.5824,0.787399898,3.8402,5.1816
20418,HF,1,0,4,18,AGHS2,0,0,0,3.97,18.78,15,0.45,0.794,2.57,3.03276,0.582,7.62,9.906,10,3.2385,4.7244,5.7912,6.096,10.9728,0.508000102,1.143,2.56032
20419,HF,1,0,4,19,AGHS2,0,0,0,4.88,17.04,24.4,0.44,0.882,2.63,3.28422,6.444,8.89,11.176,12.3,3.3655,5.08,6.7564,6.4008,11.8872,0.431800102,3.3221,3.79476
20722,HF,2,0,7,22,AGHS2,0,0,0,5.31,8.69,17.61,0.52,0.592,1.34,0.64516,2.859,5.08,7.366,7.899999999,1.8669,3.7338,6.6294,5.7912,9.144,0.736600102,3.9622,5.57784
20723,HF,2,0,7,23,AGHS2,0,0,0,4.8,12.65,26.69,0.46,0.71,1.85,1.26238,3.879,7.62,9.398,10.5,2.4511,4.1148,6.4516,5.9436,9.906,1.041400102,3.6574,5.2578
20724,HF,2,0,7,24,AGHS2,0,0,0,5.54,8.62,14.88,0.47,0.646,1.25,0.6096,2.885,3.81,6.096,9.652,1.8288,5.461,5.3848,5.1816,.,0.660400102,3.9622,5.0292
20822,HF,2,0,8,22,AGHS2,0,0,0,4.8,11.55,24.93,0.49,1.002,1.56,1.19634,4.023,6.35,8.128,9.000000001,2.3241,4.3434,6.5532,7.0104,9.701784,1.041400102,5.6574,5.85216
20823,HF,2,0,8,23,AGHS2,0,0,0,6.12,11.55,25.69,0.43,0.86,1.73,1.32588,3.914,6.35,8.89,9.6,2.286,4.3688,6.6802,7.0104,9.625584,0.9906,4.1145,4.974336
20824,HF,2,0,8,24,AGHS2,0,0,0,3.85,15.26,31.02,0.48,0.968,1.35,1.48082,3.771,6.35,9.906,10.6,2.4892,4.1402,6.5786,7.0104,9.473184,0.889000102,3.505,4.6482
20922,HF,2,0,9,22,AGHS2,0,0,0,4.18,12.66,35.2,0.49,0.89,2.45,2.45618,5.608,7.62,8.89,9.899999999,3.0988,4.5974,7.0231,5.4864,10.0584,1.2192,4.8765,3.32232
20923,HF,2,0,9,23,AGHS2,0,0,0,4.26,16.87,35.5,0.43,1.153,2.2,2.3749,5.933,7.62,10.414,11.3,2.921,4.4704,6.7564,5.7912,9.6774,0.812800102,4.2669,5.724144
20924,HF,2,0,9,24,AGHS2,0,0,0,4.37,15.58,31.7,0.42,0.81,1.46,1.27762,4.174,6.35,9.398,9.800000001,2.3241,4.3688,6.5278,5.4864,9.6012,0.381,1.911,4.70916
21212,HF,3,0,12,12,AGHS2,0,0,0,4.81,16.11,47,0.43,0.855,2.48,2.94894,5.287,7.62,9.652,9.499999999,3.2893,4.9784,5.13715,7.3152,9.3726,1.015999898,4.5717,5.733288
21213,HF,3,0,12,13,AGHS2,0,0,0,4.51,18.08,49,0.46,0.954,2.58,3.08102,5.455,6.858,10.16,10.6,3.4544,5.1308,5.588,7.3152,10.262616,1.2192,4.5717,5.715
21214,HF,3,0,12,14,AGHS2,0,0,0,3.71,17.81,50.9,0.46,0.847,2.65,3.64998,6.055,6.35,10.16,10.9,3.6576,5.4356,5.352288,7.3152,9.8298,1.54939999,3.505,5.83692
21312,HF,3,0,13,12,AGHS2,0,0,0,5.14,14.82,35.4,0.45,0.936,2.3,2.90068,4.986,6.35,8.89,10.16,3.2258,4.8006,6.8072,7.0104,.,1.3716,3.9622,5.12064
21313,HF,3,0,13,13,AGHS2,0,0,0,3.99,13.18,46.15,0.4,1.21,2.54,3.15468,5.597,6.858,8.89,10.16,3.5433,5.4102,6.7945,6.4008,.,1.422400102,3.9622,5.13588
21314,HF,3,0,13,14,AGHS2,0,0,0,4.76,17.09,46.72,0.46,1.015,2.5,2.9591,5.043,6.096,9.398,10.16,3.2893,5.1054,7.2263,6.7056,.,1.2192,4.5717,5.9436
21412,HF,3,0,14,12,AGHS2,0,0,0,3.72,19.17,55.81,0.4,1.222,2.95,3.92684,6.933,9.144,11.43,10.668,3.7719,5.4864,7.3152,7.3152,10.9728,0.660400102,4.8765,3.84048
21413,HF,3,0,14,13,AGHS2,0,0,0,4.5,22.09,60.75,0.465,0.982,2.77,3.44678,6.403,8.382,10.922,11.43,3.683,5.4102,7.09295,7.3152,11.2776,0.3048,1.5239,4.026408
21414,HF,3,0,14,14,AGHS2,0,0,0,5.28,25,76.54,0.45,1.14,2.9,4.03606,6.198,8.382,11.43,11.938,3.7973,5.4102,7.3152,7.4676,10.9728,0.355600102,1.4477,1.3716
21702,HF,4,0,17,2,AGHS2,0,0,0,6.04,18.91,40.2,0.52,1.123,2.29,1.3462,4.823,7.62,10.668,11.684,2.3368,4.953,6.8453,7.3152,9.4488,0.1524,3.8707,.
21703,HF,4,0,17,3,AGHS2,0,0,0,5.18,14.71,44.5,0.5,0.964,2.64,3.23342,5.866,7.62,9.652,11.176,3.2512,5.0546,7.1374,7.3152,10.668,1.396999898,4.7241,3.6576
21704,HF,4,0,17,4,AGHS2,0,0,0,5.61,22.01,54.2,0.53,1.278,2.96,2.82194,6.833,7.62,10.414,13.462,3.2258,5.4356,7.5438,7.3152,10.3632,1.498600102,4.4193,4.29768
21802,HF,4,0,18,2,AGHS2,0,0,0,5.3,24.07,36.8,0.49,1.154,2.31,3.06832,5.821,6.35,9.652,12.446,2.8956,4.8006,6.8834,6.7056,9.4488,1.4478,3.6574,5.30352
21803,HF,4,0,18,3,AGHS2,0,0,0,6.12,19.56,44.5,0.42,1.218,2.69,3.84302,6.559,7.62,10.414,11.176,3.4036,5.2578,7.2771,6.7056,9.7536,1.727200102,3.6574,4.90728
21804,HF,4,0,18,4,AGHS2,0,0,0,5.05,10.07,43,0.49,0.745,1.73,2.12344,4.419,7.62,7.62,11.684,2.5908,4.7498,6.985,6.7056,10.3632,1.498600102,4.5717,6.3246
21902,HF,4,0,19,2,AGHS2,0,0,0,4.88,15.29,49,0.45,0.99,2.48,3.38582,5.498,7.62,10.16,.,3.4163,4.953,6.3627,6.7056,.,1.270000102,3.8098,5.47116
21903,HF,4,0,19,3,AGHS2,0,0,0,5.23,13.68,41.5,0.53,1.075,2.5,3.57378,5.745,7.62,9.652,10.922,3.3528,5.08,6.8453,6.7056,9.144,0.9144,3.2002,4.8768
21904,HF,4,0,19,4,AGHS2,0,0,0,4.35,20.64,52.6,0.49,1.284,2.73,3.53822,6.511,7.62,10.16,11.176,3.5306,5.3848,7.2263,6.7056,9.144,1.168399898,3.8098,5.1816
20202,HF,1,0,2,2,AGHS3,0,0,1,5.61,12.1,.,0.6,0.84,.,.,.,.,.,.,.,.,.,.,.,.,.,.
20203,HF,1,0,2,3,AGHS3,0,1,1,6.12,.,.,0.56,.,.,.,.,.,.,.,.,.,.,.,.,.,.,.
20204,HF,1,0,2,4,AGHS3,0,0,0,6.16,19.06,43.55,0.56,0.807,2.09,2.13614,4.91,8.89,10.668,.,2.5019,3.9878,4.953,5.4864,.,0.4572,0.4064,.
20302,HF,1,0,3,2,AGHS3,0,0,0,4.35,20.84,62.17,0.44,1.137,2.88,3.5306,6.914,10.16,12.954,16,3.0353,4.445,5.6134,5.7912,6.714744,0.381,4.5717,0.3048
20303,HF,1,0,3,3,AGHS3,0,0,0,6.94,13.42,42.19,0.53,1.018,2.38,2.20218,4.612,7.62,9.398,10.3,2.6797,4.2164,3.61188,6.096,7.019544,0.5334,2.6516,4.02336
20304,HF,1,0,3,4,AGHS3,0,0,0,5.56,21.32,58.4,0.42,1.44,2.78,2.88036,5.464,8.89,11.176,12.5,3.0353,4.4196,5.6388,5.7912,7.013448,0.584200102,1.3715,1.3716
20402,HF,1,0,4,2,AGHS3,0,0,0,5.01,7.9,37.5,0.5,0.783,1.95,1.56972,3.256,8.89,10.16,12,2.4003,3.9878,5.2832,5.4864,9.144,0.40639999,0.3048,2.75844
20403,HF,1,0,4,3,AGHS3,0,0,0,4.3,10.93,44.2,0.56,0.75,1.95,1.38176,4.454,7.62,9.906,11,2.3622,4.191,5.2578,5.4864,10.0584,0.127000102,1.1196,0.9144
20404,HF,1,0,4,4,AGHS3,0,1,1,4.96,.,.,0.48,.,.,.,.,.,.,.,.,.,.,.,.,.,.,.
20727,HF,2,0,7,27,AGHS3,0,1,1,3.6,.,.,0.49,.,.,.,.,.,.,.,.,.,.,.,.,.,.,.
20728,HF,2,0,7,28,AGHS3,0,0,0,5.2,9.22,12.19,0.57,0.602,2.83,.,0.755,2.54,5.08,5.999999999,1.143,2.0828,3.81,4.2672,6.858,0.2286,0.9906,0.64008
20729,HF,2,0,7,29,AGHS3,0,0,0,5.61,16.67,40.99,0.6,0.852,1.6,1.88722,5.055,7.62,10.414,12.1,2.4384,3.9116,5.207,5.4864,7.3152,0.6096,1.2954,3.5814
20827,HF,2,0,8,27,AGHS3,0,0,0,4.94,18.14,19.62,0.57,0.958,1.64,1.02616,3.353,5.08,10.922,10,2.2352,3.6322,5.0546,5.4864,8.0772,0.3048,0.9652,3.00228
20828,HF,2,0,8,28,AGHS3,0,0,0,5.66,15.63,44.25,0.57,0.897,1.85,1.85166,5.442,8.89,11.938,14.5,2.2733,3.8608,5.6134,6.096,8.382,0.6096,1.3715,1.49352
20829,HF,2,0,8,29,AGHS3,0,0,0,4.69,10.8,12.53,0.5,0.569,0.93,.,1.054,2.54,5.334,5.999999999,1.2192,2.1336,3.6703,4.572,6.2484,0.4572,1.6153,2.25552
20927,HF,2,0,9,27,AGHS3,0,0,0,6.78,9.13,19.3,0.54,0.572,1.63,0.508,2.437,5.08,7.112,7.800000001,1.6891,3.0734,4.8006,4.572,7.824216,0.558799898,1.5239,2.94132
20928,HF,2,0,9,28,AGHS3,0,0,0,4.43,15.14,27.6,0.49,1.04,1.68,1.87706,4.161,5.08,8.636,10.2,2.413,3.5052,5.0292,4.572,7.949184,0.355600102,1.8287,2.62128
20929,HF,2,0,9,29,AGHS3,0,0,0,5.76,12.68,31,0.5,0.61,1.47,1.20142,3.461,5.08,8.636,10.2,2.1082,3.4798,4.5974,4.4196,6.909816,0.253999898,0.254,0.4572
21207,HF,3,0,12,7,AGHS3,0,0,0,5.44,23.89,49.3,0.58,1.232,2.55,4.10718,6.874,7.112,10.668,11.6,3.2766,4.6736,6.49605,6.7056,9.2202,1.168399898,4.1145,3.26136
21208,HF,3,0,12,8,AGHS3,0,0,0,5.19,16.6,35.6,0.58,1.056,2.09,1.99644,4.793,8.89,9.652,10.6,2.6289,4.445,6.5024,7.0104,9.653016,0.558799898,3.9622,3.10896
21209,HF,3,0,12,9,AGHS3,0,0,0,5.86,17.14,41.34,0.5,1.093,2.05,2.3622,5.227,8.128,8.636,10.7,2.5527,4.191,6.1087,7.0104,9.473184,0.965200102,3.9622,5.59308
21307,HF,3,0,13,7,AGHS3,0,0,0,4.5,11.59,22.48,0.353,0.78,1.59,1.48082,3.766,6.35,8.382,10.16,2.2479,4.2926,5.97535,6.4008,.,1.549399898,3.9622,6.0198
21308,HF,3,0,13,8,AGHS3,0,0,0,5.28,11,31.7,0.5,0.808,2.04,2.20218,4.853,7.112,10.16,11.684,2.5781,4.5212,6.34365,6.4008,.,1.2954,4.4193,5.5626
21309,HF,3,0,13,9,AGHS3,0,0,0,5.04,17.12,33.5,0.54,0.914,1.92,2.42824,5.208,6.35,8.636,8.89,2.6289,4.0894,5.3594,5.7912,.,1.244599898,3.8098,2.75844
21407,HF,3,0,14,7,AGHS3,0,0,0,5,16.35,45.63,0.56,0.886,2.34,3.02768,6.376,8.89,11.43,11.938,2.9845,4.7498,5.7531,7.0104,9.7536,0.3048,1.8287,3.03276
21408,HF,3,0,14,8,AGHS3,0,0,0,5.1,13.06,34.47,0.54,0.8,2.02,2.46888,5.577,8.128,11.176,11.176,2.7559,4.8006,6.2484,7.3152,10.0584,0.6096,1.7677,3.5052
21409,HF,3,0,14,9,AGHS3,0,0,0,4.65,17.77,48.92,0.57,1.181,2.32,3.68046,6.715,9.652,12.7,11.43,3.0988,4.6228,6.1722,7.0104,9.7536,0.508000102,1.8287,3.048
21717,HF,4,0,17,17,AGHS3,0,0,0,5.25,13.01,35.3,0.59,0.712,1.8,1.93548,3.472,6.35,8.89,7.62,2.5908,3.4036,5.6769,5.4864,8.2296,0.2286,1.9811,5.1816
21718,HF,4,0,17,18,AGHS3,0,0,0,6.78,12.77,30.9,0.53,1.076,2.16,1.08204,4.453,6.35,10.16,5.08,2.032,3.4798,5.5626,5.4864,7.9248,0.431800102,2.8954,4.32816
21719,HF,4,0,17,19,AGHS3,0,0,0,4.2,13.06,26.5,0.61,0.895,1.78,0.30734,3.587,6.35,8.382,6.858,1.5875,3.5814,4.8768,5.1816,8.2296,0.431800102,2.8954,4.2672
21817,HF,4,0,18,17,AGHS3,0,0,0,5.76,11.63,36.5,0.61,0.95,1.94,2.03454,4.873,6.35,10.16,6.35,2.4003,3.9624,5.1435,5.4864,8.2296,0.762,2.9868,4.98348
21818,HF,4,0,18,18,AGHS3,0,0,0,6.06,11.84,32.8,0.66,0.628,1.68,1.91008,4.645,7.62,10.668,11.684,2.2606,4.1148,5.1054,5.7912,10.0584,0.406399898,3.505,3.81
21819,HF,4,0,18,19,AGHS3,0,0,0,6.23,10.71,31.4,0.66,0.74,1.76,1.49098,3.982,7.62,9.398,10.414,2.1336,3.683,5.8928,5.7912,10.3632,0.482599898,3.3221,1.524
21917,HF,4,0,19,17,AGHS3,0,0,0,4.41,18.92,44.3,0.65,0.83,2.08,2.72796,5.448,8.89,11.938,10.668,2.6416,4.3942,5.8801,6.7056,9.7536,0.406399898,2.1334,3.87096
21918,HF,4,0,19,18,AGHS3,0,0,0,5.56,18.22,42.8,0.49,0.816,1.68,2.26314,5.454,7.62,10.668,11.938,2.4638,4.0132,6.2992,6.7056,9.7536,0.4572,2.4382,3.39852
21919,HF,4,0,19,19,AGHS3,0,0,0,6.45,10.65,28.1,0.64,0.585,1.31,1.25476,4.145,7.62,11.176,9.906,1.8796,3.7084,5.9182,6.7056,9.144,0.406399898,1.2191,3.8862
20227,HF,1,0,2,27,AGHS4,0,0,0,5.46,6.25,29.23,0.52,0.54,1.37,0.29718,1.582,5.08,7.366,9.2,1.4859,2.5146,4.1148,4.2672,7.031736,0.177799898,0.127,1.55448
20228,HF,1,0,2,28,AGHS4,1,1,0,.,.,11.07,.,.,0.74,.,.,.,.,.,.,.,.,.,.,.,.,.
20229,HF,1,0,2,29,AGHS4,0,0,1,6.29,13.59,.,0.53,0.86,.,3.0607,6.018,8.89,12.7,14.5,2.7432,4.3688,5.8166,5.7912,7.930896,0.279400102,0.4318,0.51816
20327,HF,1,0,3,27,AGHS4,1,1,1,.,.,.,.,.,.,.,.,.,.,.,.,.,.,.,.,.,.,.
20328,HF,1,0,3,28,AGHS4,0,0,0,6.68,10.32,26.9,0.58,0.73,1.56,2.13106,5.651,10.16,12.446,11,2.6416,4.0386,5.2578,5.4864,7.333488,0.558799898,0.5334,0.85344
20329,HF,1,0,3,29,AGHS4,0,0,0,5.39,9.91,21.4,0.51,0.832,1.58,1.80848,5.024,7.62,9.652,13,2.3114,3.81,5.4864,5.4864,7.9248,0.584200102,0.5588,0.6096
20427,HF,1,0,4,27,AGHS4,0,0,0,5.77,12.47,45,0.57,1.03,2.07,3.53822,6.662,10.16,12.192,12.7,3.1242,4.0894,5.842,5.7912,12.4968,0.050800102,0.762,0.97536
20428,HF,1,0,4,28,AGHS4,0,0,0,6.4,18.74,58.3,0.56,1.123,2.39,4.09194,6.989,10.16,12.954,13.7,3.3528,4.699,5.969,5.7912,11.8872,0.508000102,3.0478,3.468624
20429,HF,1,0,4,29,AGHS4,0,0,0,5.62,23.64,59.7,0.57,1.182,2.41,4.39928,8.131,10.16,12.7,12.8,3.3147,4.5974,5.6896,5.4864,11.5824,0.025399898,0.4318,0.4572
20702,HF,2,0,7,2,AGHS4,0,0,0,6.56,12.16,44.15,0.48,0.886,2.16,2.86004,6.106,7.62,10.16,11.4,2.8702,4.4196,6.223,6.4008,10.0584,0.025399898,0.5334,1.72212
20703,HF,2,0,7,3,AGHS4,0,0,0,5.75,10.45,53.77,0.56,0.91,2.49,3.46202,6.971,10.16,12.7,14.5,3.2258,4.9276,6.5532,6.4008,9.906,0.558799898,0.9398,0.9144
20704,HF,2,0,7,4,AGHS4,0,0,0,5.9,15.2,53.9,0.48,0.85,2.45,3.90144,6.855,10.16,12.7,13.2,3.1623,4.7244,6.5532,6.4008,10.0584,0.660400102,1.9881,3.18516
20802,HF,2,0,8,2,AGHS4,0,0,0,4.69,18.45,56.81,0.48,1.287,2.86,4.88696,8.042,10.16,13.208,14,3.6703,5.334,6.9342,6.858,9.092184,0.330199898,2.1639,4.0386
20803,HF,2,0,8,3,AGHS4,0,0,0,4.35,17.43,49.93,0.46,1.186,2.65,4.06654,7.377,8.89,10.922,12.2,3.429,4.8006,6.6802,6.7056,8.281416,0.787399898,4.2669,3.438144
20804,HF,2,0,8,4,AGHS4,0,0,0,4.47,18.56,53.41,0.51,1.105,2.57,3.7084,7.817,8.89,11.684,12,3.4036,5.0292,6.6802,6.7056,8.6868,0.355600102,1.9811,3.709416
20902,HF,2,0,9,2,AGHS4,0,0,0,5.95,12.56,43.7,0.53,1.112,2.32,2.73304,5.938,7.62,10.16,12,2.7686,4.5212,6.4008,6.7056,8.863584,0.431800102,0.9652,0.4572
20903,HF,2,0,9,3,AGHS4,0,0,0,6.08,14.92,45.26,0.55,1.025,2.62,3.85064,7.064,8.89,12.192,12.8,3.4036,5.3848,7.1882,7.0104,9.701784,0.6096,4.2669,4.45008
20904,HF,2,0,9,4,AGHS4,0,0,0,4.73,15.13,44,0.51,1.12,2.38,3.70078,7.051,8.89,11.684,12.7,3.175,5.2832,7.3152,7.0104,8.9916,0.939799898,3.8098,5.19684
21222,HF,3,0,12,22,AGHS4,0,0,0,6.25,11.06,35.5,0.57,0.857,1.94,3.08102,6.086,7.62,10.16,11.1,2.9591,4.3434,5.9944,7.0104,9.625584,0.634999898,2.743,3.15468
21223,HF,3,0,12,23,AGHS4,0,0,0,4.37,18.97,42.3,0.55,1.023,2.11,3.2385,6.385,7.366,11.43,12.8,3.1877,5.0292,5.9817,7.1628,9.473184,0.3048,1.8287,4.1148
21224,HF,3,0,12,24,AGHS4,0,0,0,5.99,8.68,29,0.6,0.675,1.79,2.7432,5.358,8.89,9.652,11.7,2.8448,4.445,5.7912,6.7056,9.320784,0.482599898,1.4629,5.15112
21322,HF,3,0,13,22,AGHS4,0,0,0,4.16,3.85,18.1,0.55,0.413,1.4,1.36398,3.997,6.858,9.398,12.7,2.1717,3.9624,6.07695,6.096,.,0.584200102,3.505,3.85572
21323,HF,3,0,13,23,AGHS4,0,0,0,6.5,10.8,44.08,0.55,0.91,2.04,2.69494,5.902,9.652,11.43,14.478,3.0607,4.572,6.3373,6.4008,.,0.381,3.0478,5.44068
21324,HF,3,0,13,24,AGHS4,1,0,0,.,7.96,36.53,.,0.753,1.76,2.99212,5.843,8.636,10.922,12.7,2.6797,4.4958,6.223,6.4008,.,0.431800102,2.2858,4.8768
21422,HF,3,0,14,22,AGHS4,0,0,0,5.02,17.18,29.01,0.6,0.888,1.62,1.63068,4.09,7.366,9.652,11.938,2.2733,3.4798,5.1943,5.7912,10.668,0.482599898,0.7874,1.53924
21423,HF,3,0,14,23,AGHS4,0,0,0,5.02,10.22,30.3,0.58,0.59,1.57,2.43586,6.064,9.144,11.43,12.954,2.7178,4.5466,8.509,6.4008,10.668,0.3048,0.254,0.9144
21424,HF,3,0,14,24,AGHS4,0,0,0,5.43,11.19,38.27,0.54,0.773,1.89,3.52806,6.406,8.89,12.446,11.176,2.8575,4.6482,6.35,6.4008,10.3632,0.4572,0.381,1.00584
21707,HF,4,0,17,7,AGHS4,0,0,0,6.31,14.35,34.6,0.52,0.931,2.16,0.48768,5.316,7.62,10.16,12.192,1.4478,4.3942,6.3754,6.4008,9.7536,0.863599898,4.1145,2.98704
21708,HF,4,0,17,8,AGHS4,0,0,0,6.48,17.17,38.9,0.64,0.952,1.88,0.29718,5.657,6.35,10.922,12.7,1.7399,4.0894,6.1722,6.4008,10.0584,0.584200102,3.352,2.63652
21709,HF,4,0,17,9,AGHS4,0,0,0,5.82,14.89,38.6,0.61,0.779,2.32,1.00076,5.911,7.62,10.922,.,1.9304,4.8514,6.7564,6.4008,.,0.6096,2.743,4.7244
21807,HF,4,0,18,7,AGHS4,0,0,0,5.52,13.04,39.5,0.54,1.136,2.22,4.33578,6.746,8.89,12.192,12.7,3.3528,5.207,7.3025,5.7912,10.0584,0.584200102,4.5717,6.3246
21808,HF,4,0,18,8,AGHS4,0,0,0,5.37,16.36,31.8,0.61,0.95,2.03,2.0447,4.648,8.89,9.398,.,2.5146,4.2672,7.0358,5.7912,.,0.88900001,4.1145,5.85216
21809,HF,4,0,18,9,AGHS4,0,0,0,6.41,14.31,37,0.63,1.123,2.27,3.4671,5.749,6.35,10.414,10.16,3.0988,4.6482,6.5786,5.7912,10.0584,0.6858,4.5717,4.35864
21907,HF,4,0,19,7,AGHS4,0,0,0,6.29,16.37,50.3,0.59,1.064,2.55,4.82092,7.415,7.62,11.684,11.684,3.3782,5.1816,6.8072,6.4008,10.0584,0.406399898,3.0478,4.572
21908,HF,4,0,19,8,AGHS4,0,0,0,6.06,18.75,41.7,0.56,1.083,2.36,3.88366,6.437,8.89,12.446,12.7,3.1496,4.8006,6.7564,6.4008,10.0584,0.482599898,2.5906,5.04444
21909,HF,4,0,19,9,AGHS4,0,0,0,6.92,12.28,41.7,0.62,0.88,2.34,3.71348,7.131,7.62,11.43,13.208,3.2131,5.08,6.5659,6.4008,10.0584,0.660400102,1.8287,3.26136
10212,Tech,1,0,2,12,AGH2,0,1,1,4.25,.,.,0.511,.,.,.,.,.,.,.,.,.,.,.,.,.,.,.
10213,Tech,1,0,2,13,AGH2,0,0,0,5.81,11.24,21.46,0.599,0.715,1.5,1.778,5.23,8.128,9.652,12.954,2.4638,3.95605,6.5,6.096,8.5344,0.634999898,0.927,0.97536
10214,Tech,1,0,2,14,AGH2,0,0,0,3.04,11.71,34.68,0.411,0.812,1.62,1.016,5.09,7.112,9.652,12.192,2.667,4.0259,5.6,6.7056,8.5344,0.787399898,0.559,0.70104
10312,Tech,1,0,3,12,AGH2,0,0,0,3.15,9.96,45.42,0.308,0.983,1.57,1.016,4.62,8.128,11.176,13.208,2.5908,4.04495,5.1,6.4008,8.2296,2.539998984,1.219,1.55448
10313,Tech,1,0,3,13,AGH2,0,0,0,4.47,11.7,40.26,0.413,0.916,1.43,1.27,4.37,7.112,8.128,10.668,2.413,3.60045,4.2,6.096,7.95528,1.955800102,0.61,1.79832
10314,Tech,1,0,3,14,AGH2,0,0,0,7.74,13.27,39.67,0.503,0.934,1.88,2.032,4.8,7.366,9.652,10.922,2.7432,4.4831,5.8,7.0104,8.5344,2.997199898,0.534,0.4572
10412,Tech,1,0,4,12,AGH2,0,1,1,6.2,.,.,0.56,.,.,.,.,.,.,.,.,.,.,.,.,.,.,.
10413,Tech,1,0,4,13,AGH2,0,1,1,5.84,.,.,0.536,.,.,.,.,.,.,.,.,.,.,.,.,.,.,.
10414,Tech,1,0,4,14,AGH2,0,0,0,4.54,9.89,40.63,0.332,0.816,1.62,1.778,5.7,8.89,10.922,12.7,2.6416,4.5085,5.2,6.7056,8.382,0.6858,0.889,1.63068
10717,Tech,2,0,7,17,AGH2,0,1,1,3.73,.,.,0.519,.,.,.,.,.,.,.,.,.,.,.,.,.,.,.
10718,Tech,2,0,7,18,AGH2,0,0,0,6.22,9.13,41.09,0.446,0.656,1.49,1.016,4.21,.,8.89,10.922,2.286,3.683,.,6.4008,7.9248,0.508000102,0.762,0.9144
10719,Tech,2,0,7,19,AGH2,0,0,0,4.32,7.69,35.97,0.401,0.511,1.27,0.762,3.74,7.62,8.636,10.16,2.2098,3.4544,5.6,7.0104,8.2296,0.558799898,1.219,1.3716
10817,Tech,2,0,8,17,AGH2,0,0,0,4.42,7.51,33.45,0.431,0.483,1.42,0.762,3.37,6.858,9.906,12.7,2.3114,3.3782,5.8,7.0104,8.8392,0.431800102,0.61,1.43256
10818,Tech,2,0,8,18,AGH2,0,0,1,3.19,7.09,.,0.399,0.677,.,.,.,.,.,.,.,.,.,.,.,.,.,6.595872
10819,Tech,2,0,8,19,AGH2,0,1,1,6.69,.,.,0.426,.,.,.,.,.,.,.,.,.,.,.,.,.,.,6.29412
10917,Tech,2,0,9,17,AGH2,0,0,0,4.85,7,33.1,0.528,0.558,1.52,1.016,4.59,7.366,9.652,12.446,2.5654,4.4704,6.9,8.5344,8.5344,2.006599898,1.168,2.078736
10918,Tech,2,0,9,18,AGH2,0,0,0,5.07,10.52,41.74,0.556,0.652,1.49,0.762,4.77,6.858,8.636,11.176,2.3876,4.1529,5,5.4864,7.62,0.965200102,0.914,0.9144
10919,Tech,2,0,9,19,AGH2,0,1,1,5.2,.,.,0.592,.,.,.,.,.,.,.,.,.,.,.,.,.,.,.
11207,Tech,3,0,12,7,AGH2,0,0,0,3.03,9.17,41.17,0.476,0.903,1.86,2.794,6.11,8.636,8.636,9.652,3.2766,5.2959,6.6,7.9248,8.2296,2.794000102,3.505,3.621024
11208,Tech,3,0,12,8,AGH2,0,0,0,3.48,8.78,40.15,0.485,0.64,1.95,2.54,6.19,6.604,10.16,10.668,3.1242,5.0927,6.2,8.2296,8.2296,4.1148,1.585,3.03276
11209,Tech,3,0,12,9,AGH2,0,0,0,4.02,12.05,37,0.602,0.733,1.76,3.048,6.38,10.922,10.16,11.684,3.175000001,5.1181,7.6,7.0104,7.9248,3.860800102,2.804,4.13004
11307,Tech,3,0,13,7,AGH2,0,0,0,4.02,13.45,47.13,0.402,0.841,2.21,3.81,7.2,10.414,12.192,13.716,3.5052,5.553075,7.5,9.4488,8.8392,0.660400102,3.505,4.828032
11308,Tech,3,0,13,8,AGH2,0,0,0,3.4,14.32,44.93,0.393,0.845,2.25,3.556,7.36,10.668,11.938,13.208,3.5052,5.578475,6.5,8.5344,8.5344,0.9144,3.399,5.4864
11309,Tech,3,0,13,9,AGH2,0,0,0,3.67,12.62,41.61,0.47,0.827,2.2,2.794,6.74,9.144,10.922,12.192,3.632200001,5.588,7.2,9.144,8.8392,1.524,3.292,6.477
11407,Tech,3,0,14,7,AGH2,0,0,0,4.79,13.14,42.01,0.572,0.797,1.89,2.794,6.19,9.398,11.43,12.192,3.1242,4.99745,6.9,7.62,8.2296,0.9906,3.551,3.1242
11408,Tech,3,0,14,8,AGH2,0,0,0,4.32,9.09,29.24,0.501,0.552,1.68,1.27,3.835,7.366,8.636,10.16,2.8448,4.238625,6.5,7.62,8.2296,0.736600102,2.636,4.66344
11409,Tech,3,0,14,9,AGH2,0,0,0,3.88,11.92,43.09,0.48,0.817,1.98,3.048,7.29,11.176,12.954,14.478,3.378199999,5.36575,7.7,8.5344,8.2296,1.2192,3.353,4.14528
11727,Tech,4,0,17,27,AGH2,0,0,0,5.75,13.34,29.78,0.385,0.56,1.17,2.286,6.14,7.112,9.652,9.398,2.5908,5.0165,6.1,7.0104,8.5344,0.4572,1.554,1.87452
11728,Tech,4,0,17,28,AGH2,0,0,0,5.92,9.89,31.17,0.305,0.495,1.26,1.778,5.09,8.128,9.398,12.7,2.7178,3.937,6.2,7.0104,9.144,0.406399898,1.981,3.62712
11729,Tech,4,0,17,29,AGH2,0,0,0,6,8.19,26.56,0.438,0.545,1.03,1.27,4.35,7.62,10.16,11.684,2.159,3.937,5.8,6.096,9.144,0.4572,1.494,2.938272
11827,Tech,4,0,18,27,AGH2,0,0,0,3.69,7.44,29,0.205,0.357,1.45,1.016,5.48,7.874,11.684,10.922,2.1336,4.318,5.3,7.3152,8.5344,0.330199898,2.1639,4.40436
11828,Tech,4,0,18,28,AGH2,0,0,0,3.69,8.95,37.26,0.35,0.583,1.65,1.016,4.54,7.112,9.906,10.922,2.0574,3.8608,5.6,7.3152,8.8392,0.4572,1.3715,2.65176
11829,Tech,4,0,18,29,AGH2,0,0,0,7.08,10.05,27.8,0.455,0.525,1.35,1.27,4.37,7.366,9.398,11.684,1.9812,3.5052,5.5,7.0104,8.8392,0.330199898,0.3048,2.57556
11927,Tech,4,0,19,27,AGH2,0,0,1,6.17,11.68,.,0.481,0.67,.,1.524,5.62,9.144,.,13.97,2.5908,4.5974,6.1,.,8.5344,1.2192,2.1639,.
11928,Tech,4,0,19,28,AGH2,0,0,0,5.3,12.06,22.48,0.336,0.868,1.28,2.286,5.13,7.62,10.16,10.922,2.4384,4.0386,5.3,7.0104,8.2296,0.4572,2.8954,4.45008
11929,Tech,4,0,19,29,AGH2,0,0,0,4.79,10.83,33.5,0.433,0.624,1.53,1.778,4,7.112,8.636,11.43,2.667,3.6449,5.1,6.7056,8.2296,0.508000102,2.1944,4.05384
10217,Tech,1,0,2,17,AGH25,0,0,0,4.63,10.71,42.8,0.465,0.868,1.87,1.778,5.67,8.128,10.922,13.97,3.0226,4.3688,5.9,7.3152,7.62,1.244599898,0.737,0.73152
10218,Tech,1,0,2,18,AGH25,0,0,0,4.74,10.13,35.84,0.493,0.664,1.68,1.524,4.75,7.112,9.144,10.922,2.7686,4.5212,7.4,8.2296,8.8392,0.660400102,1.016,0.85344
10219,Tech,1,0,2,19,AGH25,0,0,0,5.65,13.62,46.41,0.474,0.603,1.54,1.016,3.91,6.604,7.874,8.89,2.3622,3.94335,5.9,7.0104,7.62,1.777999898,1.524,1.8288
10317,Tech,1,0,3,17,AGH25,0,1,1,5.73,.,.,0.485,.,.,.,.,.,.,.,.,.,.,.,.,.,.,.
10318,Tech,1,0,3,18,AGH25,0,0,0,5.29,9.83,32.12,0.394,0.725,1.53,1.27,5.71,8.128,9.398,11.43,2.6924,4.4831,6.7,8.2296,8.41248,0.127000102,0.94,1.03632
10319,Tech,1,0,3,19,AGH25,0,1,1,5.29,.,.,0.381,.,.,.,.,.,.,.,.,.,.,.,.,.,.,.
10417,Tech,1,0,4,17,AGH25,0,0,0,4.42,9.69,25.87,0.37,0.539,1.29,1.016,4.54,7.112,9.906,11.43,2.3876,4.3307,6,6.096,8.0772,2.4384,1.321,0.9144
10418,Tech,1,0,4,18,AGH25,0,0,0,5.61,11.42,38.94,0.574,0.68,1.96,2.032,5.8,9.144,10.668,12.192,2.8702,4.59105,6.9,7.3152,8.6868,1.574800102,0.432,1.41732
10419,Tech,1,0,4,19,AGH25,0,0,0,5.16,11.03,37.64,0.49,0.593,1.32,1.524,5.47,8.128,10.414,12.446,2.3622,3.8862,5.6,7.0104,8.2296,0.508000102,0.686,2.30124
10722,Tech,2,0,7,22,AGH25,0,0,0,3.13,7.6,32.51,0.432,0.542,1.49,1.016,5.11,8.128,9.398,10.922,2.3876,4.3688,5.6,6.7056,7.9248,0.660400102,2.134,1.23444
10723,Tech,2,0,7,23,AGH25,0,0,0,3.76,6.74,39.67,0.334,0.471,1.48,1.016,4.68,7.62,10.414,10.922,2.4638,4.191,6,7.0104,8.5344,0.4572,1.245,1.551432
10724,Tech,2,0,7,24,AGH25,0,0,0,4.35,10.03,44.34,0.324,0.532,1.46,1.778,6.71,7.874,10.922,13.462,2.4892,4.5212,6,7.0104,8.2296,0.8382,1.372,3.13944
10822,Tech,2,0,8,22,AGH25,0,0,0,5.82,9.37,48.25,0.536,0.468,1.56,1.016,6.385,6.604,8.128,9.906,2.7178,4.6355,7,8.2296,8.5344,0.3048,1.951,7.62
10823,Tech,2,0,8,23,AGH25,0,0,0,4.69,11.05,44.09,0.311,0.665,1.57,1.016,5.24,8.636,9.652,11.938,2.4638,3.8481,6.3,7.9248,9.144,2.387599898,2.225,7.0104
10824,Tech,2,0,8,24,AGH25,0,0,0,4.18,13.44,49,0.454,0.562,1.8,2.54,4.855,9.144,9.652,11.43,2.8702,4.7625,7,7.62,9.144,4.318000102,3.2,7.58952
10922,Tech,2,0,9,22,AGH25,0,1,1,4.98,.,.,0.524,.,.,.,.,.,.,.,.,.,.,.,.,0.482599898,.,.
10923,Tech,2,0,9,23,AGH25,0,0,0,5.09,10.27,39.73,0.381,0.476,1.44,1.27,5.74,8.128,10.922,13.716,3.251200001,4.3053,6.4,7.9248,8.5344,0.634999898,0.61,1.228344
10924,Tech,2,0,9,24,AGH25,0,0,0,5.36,12.37,49.62,0.444,0.561,1.79,1.27,4.985,7.366,8.89,9.906,3.073399999,4.7498,5.5,6.4008,8.2296,1.727200102,1.524,1.41732
11227,Tech,3,0,12,27,AGH25,0,0,0,2.31,8.16,40.11,0.296,0.611,1.71,2.032,6.26,9.144,10.668,12.7,2.921,4.689475,6.6,9.144,8.5344,0.355600102,2.667,3.70332
11228,Tech,3,0,12,28,AGH25,0,0,0,3.21,7.57,34.78,0.229,0.488,1.41,1.524,5.54,8.636,8.89,9.398,2.4892,4.57835,5.6,7.3152,8.2296,0.889000102,2.743,3.07848
11229,Tech,3,0,12,29,AGH25,0,0,0,4.3,11.24,47.14,0.47,0.831,2.13,2.032,5.525,10.414,10.414,11.43,3.479800001,5.172075,7.5,9.4488,8.8392,0.660400102,2.895,0.79248
11327,Tech,3,0,13,27,AGH25,0,0,0,4.29,9.85,49.99,0.291,0.724,1.7,2.032,6.63,9.144,10.414,10.922,3.048,5.35305,5.8,7.0104,8.5344,0.660400102,3.261,3.85572
11328,Tech,3,0,13,28,AGH25,0,0,0,4.4,9.08,33.93,0.32,0.468,1.67,2.032,6.2,9.906,11.938,13.462,2.9464,4.910455,7.1,8.5344,8.8392,0.889000102,3.441,3.93192
11329,Tech,3,0,13,29,AGH25,0,0,0,2.6,5.83,28.64,0.321,0.436,1.52,1.27,4.28,7.62,8.89,9.906,2.4892,4.340225,6,8.5344,8.8392,0.787399898,2.738,4.55676
11427,Tech,3,0,14,27,AGH25,0,0,0,2.81,12.52,35.12,0.538,0.927,1.84,2.032,6.3,9.906,11.176,12.954,3.073399999,5.1562,7,7.9248,8.5344,0.6858,3.398,4.84632
11428,Tech,3,0,14,28,AGH25,0,0,0,3.59,10.72,39,0.488,0.86,1.66,1.778,6.26,8.89,10.668,11.43,2.8194,4.435475,6,7.3152,8.5344,0.736600102,1.981,3.26136
11429,Tech,3,0,14,29,AGH25,0,0,0,4.41,13.3,42.03,0.455,1.056,2.04,3.556,6.97,11.176,12.954,16.002,3.454399999,5.37845,7.6,8.2296,9.144,0.6096,3.109,4.06908
11707,Tech,4,0,17,7,AGH25,0,0,0,4.15,13.01,51.4,0.208,0.76,2.54,2.032,4.695,7.874,12.446,10.922,3.1242,5.2324,7.4,9.7536,8.8392,0.482599898,3.38,0.762
11708,Tech,4,0,17,8,AGH25,0,0,0,6.16,12.96,55.32,0.32,0.694,2.08,3.302,6.3,8.89,10.922,12.954,3.530599999,5.4864,7.4,9.7536,8.5344,1.143,3.871,5.53212
11709,Tech,4,0,17,9,AGH25,0,0,0,4.98,6.04,53.61,0.28,0.48,2.45,1.524,5.3,6.858,12.954,9.398,2.159,4.8514,6.8,9.4488,8.2296,0.965200102,4.998,5.117592
11807,Tech,4,0,18,7,AGH25,0,0,0,3.56,10.24,34.01,0.22,0.628,1.55,3.048,6.6,9.906,7.366,13.208,2.6924,6.223,7.7,6.4008,9.4488,0.736600102,3.353,0.3048
11808,Tech,4,0,18,8,AGH25,0,0,0,5.57,13.14,53,0.359,0.709,2.11,3.048,5.335,9.144,11.43,12.192,3.784600001,5.7404,7.5,8.2296,9.144,0.9906,4.602,3.24612
11809,Tech,4,0,18,9,AGH25,0,0,0,5.06,12.06,49.25,0.26,0.991,2.19,3.556,7.67,10.922,14.224,13.97,3.429,5.8547,7.5,9.144,9.4488,0.939799898,3.962,3.59664
11907,Tech,4,0,19,7,AGH25,0,0,0,8.28,10.14,40,0.572,0.534,1.96,1.27,3.1,5.588,10.922,8.128,2.2606,4.2672,6.3,7.9248,8.2296,1.270000102,3.7183,3.36804
11908,Tech,4,0,19,8,AGH25,0,0,0,10.95,15.22,45.52,0.555,1.054,1.32,3.048,6.41,8.89,8.128,10.922,3.403600001,5.5372,6.5,7.9248,8.2296,0.812800102,2.5601,2.3622
11909,Tech,4,0,19,9,AGH25,0,0,0,6.32,14.91,49.04,0.507,1.066,2.44,3.302,7.16,9.652,11.176,14.986,3.073399999,5.3594,7.5,7.9248,8.5344,0.812800102,1.7372,2.145792
10227,Tech,1,0,2,27,AGHS1,0,0,0,5.24,10.12,33.08,0.621,0.827,1.79,2.032,5.73,7.112,9.398,10.922,3.149599999,5.23875,7,7.9248,9.7536,0.6858,2.499,4.28244
10228,Tech,1,0,2,28,AGHS1,0,0,0,7.59,12.75,38.9,0.52,0.804,1.79,1.778,5.66,7.62,10.414,11.43,3.149599999,5.23875,6.9,7.62,9.144,0.558799898,1.346,3.5052
10229,Tech,1,0,2,29,AGHS1,0,0,0,8.08,9.6,36.46,0.515,0.811,1.9,1.778,5.18,7.366,10.16,12.7,2.9718,4.98475,6.6,7.62,9.144,0.48259999,0.635,2.57556
10327,Tech,1,0,3,27,AGHS1,0,0,0,4.15,10.14,35.6,0.515,0.826,1.78,2.54,6.41,7.874,10.414,11.938,3.175000001,5.7023,7.3,8.5344,10.39368,0.787399898,4.45,6.64464
10328,Tech,1,0,3,28,AGHS1,0,0,0,5.85,13.06,45.64,0.527,0.797,2.32,3.302,7.02,8.636,10.16,12.7,3.454399999,5.49275,7.2,8.8392,10.54608,1.117600102,4.267,5.334
10329,Tech,1,0,3,29,AGHS1,0,0,0,4.41,12.29,37.04,0.53,0.91,2,2.54,5.72,8.128,9.652,11.43,3.2004,4.98475,7,8.2296,10.2108,0.711199898,3.749,5.9436
10427,Tech,1,0,4,27,AGHS1,0,0,0,4.95,11.85,48.26,0.561,0.951,2.16,3.302,6.84,8.89,11.176,11.938,3.708400001,5.87375,7.4,9.7536,10.30224,0.736600102,5.943,6.69036
10428,Tech,1,0,4,28,AGHS1,0,0,0,5.54,13.3,55.52,0.575,1.104,2.61,4.064,7.42,8.636,10.922,12.7,3.81,5.94995,7.6,9.4488,10.24128,0.584200102,5.181,3.53568
10429,Tech,1,0,4,29,AGHS1,0,0,0,3.51,10.17,49.16,0.503,0.874,2.41,3.556,7.6,9.652,10.922,11.938,3.6576,5.7785,7.6,9.144,10.0584,0.4572,4.572,1.0668
10702,Tech,2,0,7,2,AGHS1,0,0,0,3.36,10.36,53.71,0.535,0.972,2.47,2.794,6.97,9.652,10.922,12.446,4.089400001,5.9182,7.7,9.4488,8.5344,0.4572,5.334,5.16636
10703,Tech,2,0,7,3,AGHS1,0,0,0,3.32,13.83,55.63,0.421,1.112,2.93,4.064,7.56,9.398,11.684,11.938,4.191,6.1976,7.7,10.0584,9.144,0.4572,5.786,4.17576
10704,Tech,2,0,7,4,AGHS1,0,0,0,3.72,12.3,52.86,0.522,0.936,2.43,3.302,7.19,9.398,11.176,14.732,4.013200001,6.1341,7.8,10.3632,9.144,2.006599898,6.553,7.63524
10802,Tech,2,0,8,2,AGHS1,0,0,0,4.34,14.23,61.71,0.478,1.106,2.7,4.064,7.03,9.652,11.684,12.954,3.987799999,6.2992,8.1,8.8392,8.5344,2.7432,4.572,5.50164
10803,Tech,2,0,8,3,AGHS1,0,0,0,3.72,13.19,53.47,0.549,1.141,2.95,3.556,6.57,8.636,10.668,11.43,4.165600001,6.5786,7.9,9.7536,8.8392,3.175000102,7.315,4.888992
10804,Tech,2,0,8,4,AGHS1,0,0,0,3.07,13.87,55.71,0.364,1.254,3,2.794,6.82,9.398,11.176,11.43,4.063999999,6.4135,7.7,10.3632,7.9248,4.368799898,5.425,2.176272
10902,Tech,2,0,9,2,AGHS1,0,0,0,4.2,14.41,61.02,0.631,1.124,2.86,4.572,7.77,10.414,12.7,14.732,4.191,6.2738,8,9.7536,9.144,0.8382,1.676,1.496568
10903,Tech,2,0,9,3,AGHS1,0,0,0,3.54,15.03,62.23,0.596,0.898,2.87,4.572,7.79,9.652,11.684,13.208,4.4958,6.5786,2.5,10.3632,9.144,1.143,5.943,6.7056
10904,Tech,2,0,9,4,AGHS1,0,0,0,4.37,15.4,61.76,0.296,1.231,2.81,4.572,7.18,9.906,11.684,12.7,4.216399999,6.5786,8.6,10.9728,9.7536,1.905,6.4,7.0104
11217,Tech,3,0,12,17,AGHS1,0,0,0,4.43,12.45,48.74,0.527,0.833,2.82,4.318,7.11,13.716,11.43,12.446,4.318000001,6.5405,8.3,10.0584,10.0584,3.2004,5.791,6.4008
11218,Tech,3,0,12,18,AGHS1,0,0,0,4.32,11.36,44.8,0.467,0.805,2.43,3.81,6.57,10.16,11.176,12.192,4.089400001,6.858,8.4,10.3632,10.0584,3.429,6.096,6.7056
11219,Tech,3,0,12,19,AGHS1,0,0,0,3.82,13.68,43.18,0.571,0.999,2.56,4.572,7.29,8.128,11.938,12.7,4.165600001,6.8072,8.4,10.668,10.3632,3.149599898,6.096,6.7056
11317,Tech,3,0,13,17,AGHS1,0,0,0,4.48,11.35,44.51,0.515,0.98,2.72,3.81,7.43,9.144,10.414,11.684,4.191,6.2103,8.5,11.2776,10.0584,3.632200102,6.4,7.62
11318,Tech,3,0,13,18,AGHS1,0,0,0,4.07,14.32,45,0.555,1.175,2.62,4.064,6.99,9.652,11.938,12.7,4.4196,6.7945,8.5,10.0584,10.0584,3.2004,7.01,6.91896
11319,Tech,3,0,13,19,AGHS1,0,0,0,4.94,14.62,61.45,0.468,1.174,2.77,4.318,7.65,11.176,12.192,12.954,4.4196,6.3881,8.5,10.3632,7.3152,3.429,6.096,8.5344
11417,Tech,3,0,14,17,AGHS1,0,0,0,2.95,11.44,37.83,0.46,0.971,2.78,3.556,6.8,9.144,11.176,12.192,4.241800001,6.8707,8.5,10.3632,10.0584,2.667,7.162,9.144
11418,Tech,3,0,14,18,AGHS1,0,0,0,3.05,11.89,45.63,0.39,0.996,2.83,3.81,7.31,9.652,11.938,12.7,4.368799999,6.5913,8.5,11.2776,9.7536,3.1242,5.837,9.7536
11419,Tech,3,0,14,19,AGHS1,0,0,0,3.74,14.67,49.51,0.432,1.058,2.61,3.556,7.33,9.144,9.906,11.176,4.013200001,6.7183,8,10.9728,9.7536,2.4384,2.636,8.2296
11712,Tech,4,0,17,12,AGHS1,0,0,0,4.62,12.84,36.69,0.463,1.048,2.05,3.302,5.52,8.128,.,10.16,3.708400001,5.588,7.6,.,9.144,1.905,6.063,1.999488
11713,Tech,4,0,17,13,AGHS1,0,0,0,6.06,7.38,73.79,0.416,0.534,2.94,1.524,5.8,6.858,13.208,9.144,2.667,5.5626,7.6,10.0584,9.144,3.556000102,7.62,8.5344
11714,Tech,4,0,17,14,AGHS1,0,0,0,3.75,9.6,43.3,0.514,0.716,2.39,3.048,4.72,8.636,8.382,11.43,3.6576,5.6642,7.8,9.4488,9.4488,3.632200102,7.647,9.144
11812,Tech,4,0,18,12,AGHS1,0,0,0,4.08,11.36,43.44,0.619,0.84,2.66,6.85,2.67,2.794,12.192,.,5.0292,3.3782,3.4,10.3632,.,.,.,7.3152
11813,Tech,4,0,18,13,AGHS1,0,0,0,5.08,18.09,39.34,0.496,1.247,1.91,2.54,8.07,11.176,9.652,14.732,3.225799999,6.9215,7.7,10.0584,9.4488,1.473199898,6.309,8.0772
11814,Tech,4,0,18,14,AGHS1,0,0,0,4.47,11.53,44,0.534,0.797,2.43,4.826,6.38,7.366,11.176,9.144,4.521199999,5.7785,7.5,10.0584,8.5344,1.422400102,6.4157,7.8486
11912,Tech,4,0,19,12,AGHS1,0,0,0,5.17,10.47,33.49,0.523,0.81,2.54,4.064,7.13,10.414,9.652,13.208,4.318000001,6.6421,7.8,10.0584,9.4488,3.048,4.2365,6.7818
11913,Tech,4,0,19,13,AGHS1,0,0,0,6.33,9.9,40.42,0.429,0.67,2.66,2.54,4.46,8.128,11.684,10.922,3.378199999,6.1722,7.7,9.7536,9.4488,0.8382,5.547,7.65048
11914,Tech,4,0,19,14,AGHS1,0,0,0,5.71,11.58,36.63,0.6,0.835,2.24,3.556,6.56,9.144,11.43,12.954,3.911599999,6.3246,7.8,9.7536,9.7536,2.870200102,5.6385,6.38556
10222,Tech,1,0,2,22,AGHS2,0,0,0,4.24,8.43,26.74,0.5,0.646,1.81,1.778,5.3,7.366,8.89,10.922,2.7432,5.1181,7,7.9248,10.0584,0.634999898,2.454,4.25196
10223,Tech,1,0,2,23,AGHS2,0,0,0,5.92,10.27,37.81,0.484,0.755,2,2.286,5.79,8.382,10.922,11.938,3.2766,5.1562,7.2,8.5344,10.668,0.355600102,3.078,4.83108
10224,Tech,1,0,2,24,AGHS2,0,0,0,3.6,9.69,44.92,0.416,0.816,2.01,2.54,6.21,8.382,10.16,11.43,3.327400001,5.26415,7.1,9.144,10.668,0.558799898,3.109,4.70916
10322,Tech,1,0,3,22,AGHS2,0,0,0,4.97,14.03,48.51,0.481,1,2.34,2.794,6.28,8.636,10.414,11.43,3.2766,5.3467,7.5,8.8392,10.0584,1.143,5.181,2.5908
10323,Tech,1,0,3,23,AGHS2,0,0,0,4.26,11.68,49.07,0.459,1.006,2.64,3.302,6.62,8.89,10.414,11.43,3.606799999,4.826,7.4,9.144,10.14984,1.803400102,3.353,6.27888
10324,Tech,1,0,3,24,AGHS2,0,0,0,3.07,14.4,60.06,0.44,1.157,2.9,4.318,7.49,9.398,11.176,13.716,3.911599999,5.6642,7.6,9.4488,10.27176,1.879600102,2.362,6.30936
10422,Tech,1,0,4,22,AGHS2,0,0,0,4.27,9.95,40.75,0.381,0.737,2.4,2.54,9.22,8.89,10.668,12.192,3.479800001,5.7404,7.4,8.8392,9.4488,1.015999898,5.181,6.27888
10423,Tech,1,0,4,23,AGHS2,0,0,0,3.52,10.35,44.59,0.423,0.853,2.27,3.048,6.98,8.89,10.16,12.7,3.530599999,5.87375,7.3,9.144,9.7536,1.651000102,5.273,6.91896
10424,Tech,1,0,4,24,AGHS2,0,0,0,5.23,10.06,49.41,0.37,0.839,2.31,3.556,6.8,8.89,10.414,11.43,3.606799999,5.65785,7.4,9.144,9.7536,3.835399898,5.029,6.81228
10707,Tech,2,0,7,7,AGHS2,0,0,0,4.7,10.54,52.49,0.465,0.911,2.9,4.064,7.04,9.652,11.43,12.7,3.987799999,6.3246,8,10.668,9.7536,2.539999898,5.486,7.58952
10708,Tech,2,0,7,8,AGHS2,0,0,0,4.43,10.89,45.74,0.495,0.784,2.51,3.302,6.33,9.144,10.668,12.446,3.632200001,6.223,7.4,10.668,9.4488,3.5814,5.791,7.28472
10709,Tech,2,0,7,9,AGHS2,0,0,0,3.9,11.33,52.62,0.48,0.975,2.5,3.556,7.34,8.636,12.446,12.954,3.81,5.9182,7.6,10.3632,9.144,3.251200102,5.486,6.52272
10807,Tech,2,0,8,7,AGHS2,0,0,0,5.23,11.45,52.75,0.471,0.781,2.44,3.556,6.79,9.144,10.668,12.192,3.784600001,6.3373,7.7,10.3632,9.144,2.844799898,5.791,3.85572
10808,Tech,2,0,8,8,AGHS2,0,0,0,5.81,9.89,41.94,0.416,0.692,2.42,3.302,6.53,9.144,10.668,11.684,3.7338,6.4135,7.5,10.3632,9.4488,3.5814,6.111,3.048
10809,Tech,2,0,8,9,AGHS2,0,0,0,5.23,15.02,56.44,0.457,0.971,2.72,4.318,7.23,10.16,11.43,13.462,3.911599999,6.5278,2.6,10.9728,9.4488,3.301999898,6.309,0.9144
10907,Tech,2,0,9,7,AGHS2,0,0,0,2.93,10.15,44.28,0.426,0.939,2.55,3.302,6.7,8.382,9.906,14.732,4.063999999,6.3754,8.3,10.3632,9.4488,2.920999898,6.4,7.3152
10908,Tech,2,0,9,8,AGHS2,0,0,0,3.55,12.94,52.77,0.4,1.07,2.72,5.08,7,9.652,12.192,13.462,4.444999999,6.7945,8.6,11.2776,9.4488,3.632200102,8.229,6.7056
10909,Tech,2,0,9,9,AGHS2,0,0,0,2.97,9.84,49.28,0.412,0.895,2.46,4.064,6.45,8.636,10.668,11.684,4.216399999,5.6388,8.3,10.668,9.7536,3.251200102,5.181,5.7912
11212,Tech,3,0,12,12,AGHS2,0,0,0,5.38,20.61,68.36,0.515,1.332,3.28,5.842,7.64,9.398,12.192,13.208,4.953,7.4041,8.6,10.9728,9.7536,3.098801016,5.943,8.8392
11213,Tech,3,0,12,13,AGHS2,0,0,0,3.36,15.77,60.08,0.432,1.196,3.16,5.08,7.06,10.668,11.43,12.7,4.6482,7.7089,8.4,11.2776,10.0584,3.2004,6.858,7.62
11214,Tech,3,0,12,14,AGHS2,0,0,0,3.8,13,49.12,0.259,0.94,2.64,5.08,7.98,8.636,10.922,12.446,4.444999999,7.4168,8.4,9.7536,9.7536,2.184401016,5.745,7.89432
11312,Tech,3,0,13,12,AGHS2,0,0,0,5.78,21.34,60.57,0.495,1.168,3.42,5.588,7.92,10.414,12.446,13.462,5.054599999,7.489825,8.5,11.5824,9.4488,2.997199898,7.239,7.9248
11313,Tech,3,0,13,13,AGHS2,0,0,0,2.93,10.14,44.57,0.47,0.841,3.03,4.064,7.18,9.906,10.922,12.192,4.444999999,6.5151,8.5,10.9728,9.144,4.1148,7.162,7.9248
11314,Tech,3,0,13,14,AGHS2,0,0,0,2.96,10.68,46.57,0.44,0.97,2.95,4.826,7.75,10.16,11.176,12.7,4.597399999,6.3373,8.5,7.0104,9.144,3.6576,6.4,4.45008
11412,Tech,3,0,14,12,AGHS2,0,0,0,4.66,13.44,53.43,0.525,0.98,3.18,5.08,7.04,9.906,11.684,12.7,4.622800001,6.967855,8.5,10.668,9.7536,3.6576,7.315,9.7536
11413,Tech,3,0,14,13,AGHS2,0,0,0,5.04,11.89,59.17,0.462,1.232,3.13,4.572,7.25,9.144,11.176,12.192,4.673599999,7.191375,8.5,10.668,9.4488,3.5052,6.644,7.26948
11414,Tech,3,0,14,14,AGHS2,0,0,0,3.4,13.25,52.85,0.45,1.045,2.86,4.572,7.83,10.414,12.7,13.208,4.165600001,7.09295,8.5,10.9728,9.4488,2.006599898,6.705,7.0104
11702,Tech,4,0,17,2,AGHS2,0,0,0,4.07,14.37,63.57,0.383,0.993,3.15,3.81,2.73,8.89,10.16,12.446,4.165600001,6.5405,7.8,8.8392,8.5344,2.920999898,6.218,7.71144
11703,Tech,4,0,17,3,AGHS2,0,0,0,5.59,18.1,52.98,0.502,1.312,2.98,5.334,7.98,9.652,10.922,13.208,4.4958,6.5532,7.8,9.4488,8.8392,2.1336,6.446,7.9248
11704,Tech,4,0,17,4,AGHS2,0,0,0,5.3,13.18,51.8,0.53,0.831,2.98,4.318,7.37,8.89,11.43,11.43,4.394200001,6.7437,8,9.7536,9.144,2.920999898,5.486,7.94004
11802,Tech,4,0,18,2,AGHS2,0,0,0,5.61,19.13,54.9,0.448,1.283,3.02,3.302,7.5,9.906,10.922,12.7,3.530599999,6.3373,7.9,9.7536,9.144,3.2004,5.639,5.721096
11803,Tech,4,0,18,3,AGHS2,0,0,0,4.56,14.64,58.83,0.335,1.103,3.12,4.572,6.6,8.89,11.176,11.938,3.835399999,6.3119,7.9,9.7536,9.4488,2.946400102,6.727,6.64464
11804,Tech,4,0,18,4,AGHS2,0,0,0,4.47,13.86,57.69,0.368,1.022,3.02,3.556,6.76,9.144,10.16,12.192,4.063999999,6.5278,7.8,9.4488,9.4488,2.2098,5.151,6.239256
11902,Tech,4,0,19,2,AGHS2,0,0,0,6.44,18.76,52.13,0.552,1.333,3,4.064,6.34,8.89,11.176,12.954,4.0386,6.4516,7.8,9.7536,9.144,3.327400102,4.7241,5.37972
11903,Tech,4,0,19,3,AGHS2,0,0,0,4.67,21,59.16,0.466,1.331,3.05,4.572,6.9,9.398,10.922,12.192,4.3434,6.4516,7.9,9.144,9.4488,3.175000102,4.5961,5.12064
11904,Tech,4,0,19,4,AGHS2,0,0,0,7.05,17.9,49.26,0.559,1.243,2.81,3.556,6.36,8.382,10.668,11.176,3.987799999,6.2611,7.9,8.8392,9.4488,3.149599898,4.907,5.4864
10202,Tech,1,0,2,2,AGHS3,0,0,0,4.68,12.15,43.16,0.508,0.906,1.84,1.778,5.98,8.89,10.668,12.954,2.8448,4.76885,6.5,7.62,8.8392,0.965200102,3.033,3.56616
10203,Tech,1,0,2,3,AGHS3,0,0,0,5.86,14.14,50.77,0.612,1.117,2.02,2.286,6.4,8.89,10.414,11.43,2.9972,4.953,6.5,8.2296,9.4488,0.711199898,2.652,4.48056
10204,Tech,1,0,2,4,AGHS3,0,0,0,5.89,14.29,55.5,0.612,1.263,2.4,3.048,6.97,7.874,10.922,13.716,3.454399999,5.2197,7.1,8.5344,9.7536,1.270000102,4.115,4.7244
10302,Tech,1,0,3,2,AGHS3,0,0,0,3.12,8.27,33.52,0.535,0.78,1.93,2.032,6.21,9.398,11.176,12.7,2.8702,4.8641,6.7,8.2296,9.144,0.508000102,3.383,0.32004
10303,Tech,1,0,3,3,AGHS3,0,0,0,4.61,13.77,48.26,0.546,0.974,2.03,2.54,6.18,8.636,10.668,11.684,3.0226,4.953,6.9,7.62,9.4488,0.787399898,3.55,0.381
10304,Tech,1,0,3,4,AGHS3,0,0,0,4.21,11.63,44.84,0.545,0.986,1.98,2.794,6.57,10.16,11.43,13.462,3.0226,5.20065,6.6,9.144,10.0584,0.508000102,5.303,5.50164
10402,Tech,1,0,4,2,AGHS3,0,0,0,3.84,11.74,47.89,0.495,0.743,1.78,1.778,6.35,9.398,11.176,12.7,2.8956,4.9911,6.8,7.9248,8.6868,0.584200102,3.657,4.51104
10403,Tech,1,0,4,3,AGHS3,0,0,0,5.95,12.27,47.33,0.482,0.802,2.22,3.048,6.79,8.89,10.16,11.43,3.2766,5.34035,5.8,7.62,8.8392,1.701799898,4.343,6.08076
10404,Tech,1,0,4,4,AGHS3,0,0,0,4.03,12.46,49.76,0.559,0.924,1.95,1.524,4.975,9.652,11.43,13.462,2.7432,5.4483,6.7,8.2296,9.144,1.955800102,4.145,4.63296
10727,Tech,2,0,7,27,AGHS3,0,1,1,4.64,.,.,0.556,.,.,.,.,.,.,.,.,.,.,.,.,.,.,.
10728,Tech,2,0,7,28,AGHS3,0,0,0,5.52,14.86,45.42,0.541,0.886,1.97,2.794,6.83,.,12.954,13.97,2.921,5.2451,.,9.4488,9.7536,0.4572,4.115,4.06908
10729,Tech,2,0,7,29,AGHS3,0,0,0,4.95,9.52,42.21,0.529,0.918,2.1,1.778,5.68,8.89,10.414,11.43,2.7686,5.0927,6.8,8.2296,9.4488,0.6096,3.657,5.334
10827,Tech,2,0,8,27,AGHS3,0,0,0,3.38,14.07,54.37,0.526,1.048,2.41,3.81,7.73,11.684,13.97,17.018,3.5052,5.9055,7.6,9.4488,9.7536,3.251200102,0.711,7.62
10828,Tech,2,0,8,28,AGHS3,0,0,0,5.59,14.48,50.32,0.511,0.952,2.16,2.54,6.63,9.398,11.176,12.446,3.2766,5.4229,6.8,8.5344,10.0584,2.1336,4.822,7.74192
10829,Tech,2,0,8,29,AGHS3,0,0,0,5.49,12.92,44.59,0.466,0.799,1.98,1.524,6.09,9.144,10.922,11.684,2.794,5.2451,6.9,7.9248,10.0584,0.634999898,4.267,5.30352
10927,Tech,2,0,9,27,AGHS3,0,0,0,4.07,9.36,54.24,0.513,0.73,1.9,1.778,5.125,8.382,10.16,11.938,2.7686,4.6482,6.3,8.2296,9.144,0.4572,2.449,2.935224
10928,Tech,2,0,9,28,AGHS3,0,0,0,3.03,10.35,44.14,0.414,0.975,2.1,2.286,6.58,9.652,11.938,13.462,3.073399999,5.3467,7.2,8.5344,9.7536,0.6096,5.029,5.39496
10929,Tech,2,0,9,29,AGHS3,0,0,0,4.85,7.92,36.41,0.496,0.604,1.76,1.524,4.74,7.366,11.684,10.16,2.5654,4.7752,6.6,8.2296,9.7536,0.762,4.48,3.206496
11222,Tech,3,0,12,22,AGHS3,0,0,0,4.44,11.36,49.92,0.414,1.018,2.34,3.048,6.59,11.43,10.668,11.684,3.5052,6.586855,8.5,10.0584,9.144,3.048,6.858,6.18744
11223,Tech,3,0,12,23,AGHS3,0,0,0,3.68,13.65,52.89,0.504,1.065,2.66,4.064,8.07,.,12.954,14.478,4.013200001,6.731,.,10.3632,9.4488,3.6576,5.76,7.71144
11224,Tech,3,0,12,24,AGHS3,0,0,0,3.65,12.26,46.37,0.456,1.15,2.75,3.81,7.69,7.874,12.446,13.97,3.8862,6.626225,2.5,10.3632,9.4488,2.997199898,5.867,7.3152
11322,Tech,3,0,13,22,AGHS3,0,0,0,4.96,10.59,44.91,0.56,0.644,2.17,2.794,5.61,9.144,11.176,11.938,3.454399999,5.672455,7.5,10.3632,9.4488,3.149599898,5.532,7.3152
11323,Tech,3,0,13,23,AGHS3,0,0,0,4.19,11.63,50.27,0.57,0.928,2.63,3.302,7.11,10.668,12.7,13.97,3.530599999,5.565775,7.6,10.668,9.4488,2.184401016,5.319,7.6962
11324,Tech,3,0,13,24,AGHS3,0,0,0,3.46,17.76,39.69,0.442,0.774,2.28,2.794,6.85,10.414,11.938,13.462,3.3528,5.461,7.4,10.0584,9.144,3.149599898,5.181,7.4676
11422,Tech,3,0,14,22,AGHS3,0,0,0,3.2,12.96,50,0.31,1.024,2.49,3.81,7.95,11.43,13.97,15.24,3.759199999,5.715,7.6,10.668,9.144,1.727200102,3.444,6.58368
11423,Tech,3,0,14,23,AGHS3,0,1,1,2.49,.,.,0.471,.,.,.,.,.,.,.,.,.,.,.,.,.,.,.
11424,Tech,3,0,14,24,AGHS3,0,0,0,4.58,8.65,26.4,0.425,0.584,1.73,1.27,5.67,7.874,9.652,10.668,2.6162,4.9276,7.4,8.8392,9.144,2.3622,4.724,6.858
11717,Tech,4,0,17,17,AGHS3,0,0,0,3.89,8.57,47.12,0.245,0.515,2.13,2.794,7.42,8.89,11.176,9.652,3.251200001,6.3373,4.7,9.4488,8.5344,2.794000102,3.2,3.1242
11718,Tech,4,0,17,18,AGHS3,0,1,0,6.36,.,51.14,0.53,.,2.36,.,6.98,.,13.462,.,.,5.842,.,10.9728,.,.,.,.
11719,Tech,4,0,17,19,AGHS3,0,0,0,6.23,6.88,48.55,0.613,0.671,2.34,2.54,.,8.89,11.43,11.938,2.9972,.,7.6,10.3632,9.4488,2.336800102,4.816,0.9144
11817,Tech,4,0,18,17,AGHS3,0,0,0,6.38,14.05,50.49,0.54,0.755,2.16,3.048,4.57,8.89,8.382,11.938,3.225799999,5.5372,7.5,9.144,9.144,2.794000102,5.8366,0.09144
11818,Tech,4,0,18,18,AGHS3,0,0,0,5.81,12.49,52.95,0.636,0.824,2.29,3.556,7.82,11.684,10.414,14.732,3.682999999,6.0325,7.6,9.4488,9.7536,2.8194,4.4193,0.3048
11819,Tech,4,0,18,19,AGHS3,0,0,0,6.12,9.44,55.79,0.665,0.658,2.33,2.794,6.89,9.398,11.938,12.446,3.5052,6.1087,7.7,9.4488,9.144,2.082798984,6.0195,5.05968
11917,Tech,4,0,19,17,AGHS3,0,0,0,7.13,14.3,53.86,0.55,1.06,2.49,2.286,4.077,7.62,11.43,9.906,3.225799999,5.334,7.5,9.144,9.144,2.844799898,5.7909,7.05612
11918,Tech,4,0,19,18,AGHS3,0,0,0,7.72,14.89,40.91,0.546,0.9,2.21,2.794,6.06,8.636,12.192,11.176,3.682999999,6.2484,7.6,9.144,9.4488,3.098800102,8.6863,6.858
11919,Tech,4,0,19,19,AGHS3,0,0,0,7.04,20.79,37.77,0.552,1.078,2.13,2.794,6.73,9.652,10.922,12.7,3.632200001,5.3086,7.5,8.8392,9.4488,2.565400102,6.0957,5.12064
10207,Tech,1,0,2,7,AGHS4,0,0,0,4.86,12.35,41.17,0.572,0.844,1.95,2.54,6.46,9.906,10.922,12.954,3.098800001,5.0546,6.6,8.2296,9.144,0.9906,1.523,2.92608
10208,Tech,1,0,2,8,AGHS4,0,0,0,5.36,10.52,45.87,0.486,0.92,2.18,3.048,7.53,10.16,12.446,13.97,3.048,5.1181,6.7,8.5344,9.7536,1.524,0.483,3.85572
10209,Tech,1,0,2,9,AGHS4,0,0,0,5.46,10.51,41.17,0.575,0.694,1.84,3.302,6.66,10.16,11.43,13.208,2.921,4.8641,6.5,8.2296,9.144,2.032000102,0.813,2.7432
10307,Tech,1,0,3,7,AGHS4,0,0,0,5.5,11.67,48.49,0.533,0.926,2.25,3.81,7.3,10.414,12.192,14.478,3.251200001,5.08635,6.7,8.5344,10.9728,0.762,4.605,6.30936
10308,Tech,1,0,3,8,AGHS4,0,0,0,6.92,11.23,50.95,0.641,0.901,2.26,3.048,7.76,9.398,13.97,13.97,3.479800001,5.48005,6.8,8.8392,11.09472,0.8382,4.328,5.39496
10309,Tech,1,0,3,9,AGHS4,0,0,0,7.32,12.54,49.17,0.676,0.91,2.34,3.81,7.27,9.906,12.446,13.716,3.403600001,5.28955,6.6,8.2296,10.5156,0.584200102,4.572,2.52984
10407,Tech,1,0,4,7,AGHS4,0,0,0,4.06,12.53,47.68,0.622,0.812,2.17,4.046,7.35,10.668,12.7,15.24,3.378199999,5.4864,7.2,8.8392,9.7536,2.006599898,5.486,6.06552
10408,Tech,1,0,4,8,AGHS4,0,0,0,3.8,9.31,39.72,0.454,0.682,2.06,3.048,7.2,10.922,12.7,13.97,3.301999999,5.4864,7.1,8.2296,9.63168,1.727200102,6.416,5.13588
10409,Tech,1,0,4,9,AGHS4,0,0,0,4.62,13.01,41.51,0.583,0.944,2.17,4.826,7.65,10.922,12.7,13.97,3.327400001,5.4483,6.7,8.5344,9.4488,3.5052,3.657,6.3246
10712,Tech,2,0,7,12,AGHS4,0,0,0,4.55,11.34,45.35,0.545,1.106,2.27,3.302,7.26,10.922,11.684,13.208,3.378199999,5.5118,7.2,9.144,9.144,2.489200102,5.334,6.53796
10713,Tech,2,0,7,13,AGHS4,0,0,0,3.34,12.04,46.71,0.507,0.978,2.3,2.794,7.21,10.414,11.938,13.716,3.378199999,5.7023,6.9,10.0584,8.8392,2.336800102,5.639,6.23316
10714,Tech,2,0,7,14,AGHS4,0,0,0,6.21,14.33,43.13,0.555,0.882,2.22,3.048,7.92,10.16,12.7,13.97,3.327400001,5.588,7,9.144,8.8392,3.2004,3.657,5.334
10812,Tech,2,0,8,12,AGHS4,0,0,0,3.77,11.93,56.58,0.568,0.763,2.37,3.556,7.71,11.176,11.938,13.97,3.530599999,5.9309,7.5,9.7536,9.144,2.794000102,5.639,.
10813,Tech,2,0,8,13,AGHS4,0,0,0,5.45,12.99,51.53,0.663,0.886,2.23,3.556,6.98,10.668,12.192,12.954,3.378199999,5.5499,7.5,9.4488,9.4488,4.063999898,5.395,.
10814,Tech,2,0,8,14,AGHS4,0,0,0,5.18,10.85,45.57,0.499,0.815,2.22,3.302,7.73,10.668,12.7,13.97,3.378199999,5.6007,7.4,8.8392,9.4488,3.556000102,5.029,1.70688
10912,Tech,2,0,9,12,AGHS4,0,0,0,4.52,11.46,53.44,0.565,1.091,2.46,3.81,7.65,10.922,13.208,14.478,3.759199999,6.1595,7.7,10.0584,8.8392,3.149599898,5.639,6.27888
10913,Tech,2,0,9,13,AGHS4,0,0,0,5.16,13.47,52.57,0.576,1.073,2.43,3.302,7.52,9.144,10.414,11.938,3.556000001,5.8293,7.6,9.7536,8.8392,3.301999898,3.444,7.0104
10914,Tech,2,0,9,14,AGHS4,0,0,0,4.47,15.24,52.74,0.584,1.024,2.35,3.81,7.86,10.668,13.208,14.732,3.606799999,5.3848,7.7,9.4488,9.144,3.2004,4.419,1.161288
11202,Tech,3,0,12,2,AGHS4,0,0,0,4.88,15.73,55.68,0.637,1.198,2.7,4.318,7.27,10.922,12.954,15.24,3.81,5.9436,7.8,10.0584,9.4488,0.508000102,0.432,6.43128
11203,Tech,3,0,12,3,AGHS4,0,0,0,3.17,16.38,51.9,0.523,1.322,2.78,5.08,7.16,10.414,13.208,14.478,4.0386,6.6548,7.8,10.668,9.4488,1.270000102,5.181,5.7912
11204,Tech,3,0,12,4,AGHS4,0,0,0,3.72,16.35,52.63,0.56,1.18,2.75,5.334,8.36,10.922,14.986,16.002,4.063999999,6.4389,7.6,10.9728,9.7536,1.9812,4.907,6.7056
11302,Tech,3,0,13,2,AGHS4,0,0,0,3.07,13.88,38.89,0.595,0.887,2.04,3.048,7.27,10.16,12.192,12.7,3.2766,5.838825,7.3,10.0584,9.144,0.508000102,4.206,6.7056
11303,Tech,3,0,13,3,AGHS4,0,0,0,5.44,11.9,38.11,0.678,0.854,2.3,3.302,8.1,10.414,11.684,13.462,3.429,6.073775,7.8,9.7536,9.4488,0.711199898,5.943,7.3152
11304,Tech,3,0,13,4,AGHS4,0,0,0,3.64,15.68,52.47,0.438,1.198,2.79,4.572,8.1,11.684,13.97,14.986,4.089400001,6.162675,7.9,10.0584,9.7536,1.015999898,5.943,7.75716
11402,Tech,3,0,14,2,AGHS4,0,0,0,3.54,15.25,54.06,0.551,1.198,2.66,3.81,7.28,10.668,12.7,13.97,3.5814,6.086475,7.3,10.0584,9.144,0.634999898,5.334,7.62
11403,Tech,3,0,14,3,AGHS4,0,0,0,3.03,10.33,40.23,0.243,0.95,2.46,3.81,7.01,10.922,11.938,13.716,3.682999999,5.788025,7.8,10.668,9.4488,2.844799898,5.943,7.0104
11404,Tech,3,0,14,4,AGHS4,0,0,0,3.77,14.99,60.65,0.374,1.049,2.63,3.556,7.38,10.922,12.954,13.97,3.784600001,6.028055,7.8,10.3632,9.144,0.5334,5.669,7.3152
11722,Tech,4,0,17,22,AGHS4,0,0,0,5.83,15.33,56.93,0.633,1.079,2.68,5.08,8.64,11.43,13.716,14.986,4.165600001,6.3246,7.7,10.668,9.7536,0.736600102,5.791,7.248144
11723,Tech,4,0,17,23,AGHS4,0,0,0,5.57,11.69,59.64,0.583,0.95,2.73,4.826,8.53,11.176,13.97,14.986,3.81,6.4897,7.7,10.0584,9.4488,0.558799898,4.968,7.9248
11724,Tech,4,0,17,24,AGHS4,0,0,0,6.24,15.13,50.43,0.648,0.997,2.35,4.572,8,11.684,9.906,14.478,3.937000001,6.2611,7.6,9.4488,9.4488,0.6096,4.877,6.336792
11822,Tech,4,0,18,22,AGHS4,0,0,0,4.93,14.43,53.18,0.555,1.117,2.78,5.08,7.94,12.446,13.97,15.24,4.165600001,6.0706,7.9,10.0584,9.144,0.9144,4.5717,6.12648
11823,Tech,4,0,18,23,AGHS4,0,0,0,4.71,16.8,44.05,0.458,1.227,2.32,5.08,7.75,12.192,11.43,14.986,4.140199999,5.9944,7.9,10.3632,9.144,0.660400102,5.7909,7.20852
11824,Tech,4,0,18,24,AGHS4,0,0,0,6.95,14.23,48.09,0.655,1.028,2.58,3.81,6.64,8.89,12.954,10.414,3.784600001,5.842,7.5,10.0584,9.144,0.711199898,5.486,6.97992
11922,Tech,4,0,19,22,AGHS4,0,0,0,4.54,16.62,44.17,0.459,1.244,2.28,4.826,8.48,11.43,12.192,14.732,3.784600001,6.6548,7.7,9.144,9.7536,0.558799898,5.6385,5.37972
11923,Tech,4,0,19,23,AGHS4,0,0,0,4.77,13.7,40.23,0.443,0.85,2.37,4.064,8.03,10.16,12.446,12.954,3.682999999,6.1976,7.7,9.4488,9.4488,0.711199898,6.1871,6.08076
11924,Tech,4,0,19,24,AGHS4,0,0,0,4.66,15.27,44.37,0.58,1.102,2.47,2.54,8.27,11.43,13.716,14.732,3.987799999,6.3119,7.8,9.7536,9.4488,0.736600102,6.0957,4.05384
