"Spring_precip","Summer_precip","Fall_precip","Winter_prec","Spring_temp","Summer_temp","Fall_temp","Winter_temp","Spring_tmin","Summer_tmin","Fall_tmin","Winter_tmin","Spring_tmax","Summer_tmax","Fall_tmax","Winter_tmax","Annual_precip","Temp_average","Tmin_average","Tmax_average"
152.55,43.93,148.97,136.35,12.3333333333333,19.2333333333333,3.33333333333333,1.16666666666667,4.3,8.76666666666667,-2.73333333333333,-4.1,20.3333333333333,29.6333333333333,9.36666666666667,6.43333333333333,481.8,9,1.6,16.4
152.55,43.93,148.97,136.35,12.3333333333333,19.2333333333333,3.33333333333333,1.16666666666667,4.3,8.76666666666667,-2.73333333333333,-4.1,20.3333333333333,29.6333333333333,9.36666666666667,6.43333333333333,481.8,9,1.6,16.4
152.55,43.93,148.97,136.35,12.3333333333333,19.2333333333333,3.33333333333333,1.16666666666667,4.3,8.76666666666667,-2.73333333333333,-4.1,20.3333333333333,29.6333333333333,9.36666666666667,6.43333333333333,481.8,9,1.6,16.4
198.18,92.57,90.47,75.07,11.1666666666667,18.6333333333333,1.43333333333333,-1.96666666666667,4,9.9,-5.56666666666667,-8.73333333333333,18.3333333333333,27.3666666666667,8.46666666666667,4.8,456.27,7.3,-0.1,14.8
198.18,92.57,90.47,75.07,11.1666666666667,18.6333333333333,1.43333333333333,-1.96666666666667,4,9.9,-5.56666666666667,-8.73333333333333,18.3333333333333,27.3666666666667,8.46666666666667,4.8,456.27,7.3,-0.1,14.8
198.18,92.57,90.47,75.07,11.1666666666667,18.6333333333333,1.43333333333333,-1.96666666666667,4,9.9,-5.56666666666667,-8.73333333333333,18.3333333333333,27.3666666666667,8.46666666666667,4.8,456.27,7.3,-0.1,14.8
198.18,92.57,90.47,75.07,11.1666666666667,18.6333333333333,1.43333333333333,-1.96666666666667,4,9.9,-5.56666666666667,-8.73333333333333,18.3333333333333,27.3666666666667,8.46666666666667,4.8,456.27,7.3,-0.1,14.8
126.22,30.52,152.29,163.43,12.6666666666667,20.3,3.9,1.6,4.66666666666667,10.9333333333333,-1.96666666666667,-3.86666666666667,20.6333333333333,29.7,9.7,7.03333333333333,472.46,9.6,2.5,16.8
126.22,30.52,152.29,163.43,12.6666666666667,20.3,3.9,1.6,4.66666666666667,10.9333333333333,-1.96666666666667,-3.86666666666667,20.6333333333333,29.7,9.7,7.03333333333333,472.46,9.6,2.5,16.8
126.22,30.52,152.29,163.43,12.6666666666667,20.3,3.9,1.6,4.66666666666667,10.9333333333333,-1.96666666666667,-3.86666666666667,20.6333333333333,29.7,9.7,7.03333333333333,472.46,9.6,2.5,16.8
156.58,71.94,83.13,72.13,11.8333333333333,18.5,2.7,0.333333333333333,4.93333333333333,9.83333333333333,-1.9,-4.2,18.7,27.2,7.3,4.86666666666667,383.79,8.3,2.2,14.5
156.58,71.94,83.13,72.13,11.8333333333333,18.5,2.7,0.333333333333333,4.93333333333333,9.83333333333333,-1.9,-4.2,18.7,27.2,7.3,4.86666666666667,383.79,8.3,2.2,14.5
156.58,71.94,83.13,72.13,11.8333333333333,18.5,2.7,0.333333333333333,4.93333333333333,9.83333333333333,-1.9,-4.2,18.7,27.2,7.3,4.86666666666667,383.79,8.3,2.2,14.5
151.95,72.63,99.7,87.92,11.4,18.0666666666667,2.2,-0.0333333333333334,4.26666666666667,9.06666666666667,-2.63333333333333,-4.86666666666667,18.5333333333333,27.0666666666667,7.03333333333333,4.76666666666667,412.19,7.9,1.5,14.3
151.95,72.63,99.7,87.92,11.4,18.0666666666667,2.2,-0.0333333333333334,4.26666666666667,9.06666666666667,-2.63333333333333,-4.86666666666667,18.5333333333333,27.0666666666667,7.03333333333333,4.76666666666667,412.19,7.9,1.5,14.3
151.95,72.63,99.7,87.92,11.4,18.0666666666667,2.2,-0.0333333333333334,4.26666666666667,9.06666666666667,-2.63333333333333,-4.86666666666667,18.5333333333333,27.0666666666667,7.03333333333333,4.76666666666667,412.19,7.9,1.5,14.3
155.66,74.41,94.78,82.78,11.4666666666667,18.2666666666667,2.36666666666667,0.133333333333333,4.5,9.46666666666667,-2.3,-4.6,18.5333333333333,27,7.06666666666667,4.83333333333333,407.63,8.1,1.8,14.4
155.66,74.41,94.78,82.78,11.4666666666667,18.2666666666667,2.36666666666667,0.133333333333333,4.5,9.46666666666667,-2.3,-4.6,18.5333333333333,27,7.06666666666667,4.83333333333333,407.63,8.1,1.8,14.4
155.66,74.41,94.78,82.78,11.4666666666667,18.2666666666667,2.36666666666667,0.133333333333333,4.5,9.46666666666667,-2.3,-4.6,18.5333333333333,27,7.06666666666667,4.83333333333333,407.63,8.1,1.8,14.4
158.33,134.11,49.93,38.68,10.6666666666667,17.9666666666667,2.4,-0.7,3.63333333333333,10.1333333333333,-4.26666666666667,-7.13333333333333,17.7,25.9,9,5.7,381.04,7.6,0.6,14.6
174.04,121.45,58.57,37.67,12.0666666666667,19.6333333333333,1.43333333333333,-3.3,5.73333333333333,12.3333333333333,-3.9,-8.63333333333333,18.3666666666667,26.9,6.76666666666667,2.06666666666667,391.74,7.4,1.4,13.5
174.04,121.45,58.57,37.67,12.0666666666667,19.6333333333333,1.43333333333333,-3.3,5.73333333333333,12.3333333333333,-3.9,-8.63333333333333,18.3666666666667,26.9,6.76666666666667,2.06666666666667,391.74,7.4,1.4,13.5
174.04,121.45,58.57,37.67,12.0666666666667,19.6333333333333,1.43333333333333,-3.3,5.73333333333333,12.3333333333333,-3.9,-8.63333333333333,18.3666666666667,26.9,6.76666666666667,2.06666666666667,391.74,7.4,1.4,13.5
158.33,134.11,49.93,38.68,10.6666666666667,17.9666666666667,2.4,-0.7,3.63333333333333,10.1333333333333,-4.26666666666667,-7.13333333333333,17.7,25.9,9,5.7,381.04,7.6,0.6,14.6
165.06,59.76,133.95,133.56,12.3333333333333,19.8333333333333,4.63333333333333,2.53333333333333,6.43333333333333,12.1666666666667,0.333333333333333,-1.53333333333333,18.2666666666667,27.4666666666667,8.9,6.56666666666667,492.34,9.8,4.4,15.3
165.06,59.76,133.95,133.56,12.3333333333333,19.8333333333333,4.63333333333333,2.53333333333333,6.43333333333333,12.1666666666667,0.333333333333333,-1.53333333333333,18.2666666666667,27.4666666666667,8.9,6.56666666666667,492.34,9.8,4.4,15.3
165.06,59.76,133.95,133.56,12.3333333333333,19.8333333333333,4.63333333333333,2.53333333333333,6.43333333333333,12.1666666666667,0.333333333333333,-1.53333333333333,18.2666666666667,27.4666666666667,8.9,6.56666666666667,492.34,9.8,4.4,15.3
165.06,59.76,133.95,133.56,12.3333333333333,19.8333333333333,4.63333333333333,2.53333333333333,6.43333333333333,12.1666666666667,0.333333333333333,-1.53333333333333,18.2666666666667,27.4666666666667,8.9,6.56666666666667,492.34,9.8,4.4,15.3
165.06,59.76,133.95,133.56,12.3333333333333,19.8333333333333,4.63333333333333,2.53333333333333,6.43333333333333,12.1666666666667,0.333333333333333,-1.53333333333333,18.2666666666667,27.4666666666667,8.9,6.56666666666667,492.34,9.8,4.4,15.3
165.06,59.76,133.95,133.56,12.3333333333333,19.8333333333333,4.63333333333333,2.53333333333333,6.43333333333333,12.1666666666667,0.333333333333333,-1.53333333333333,18.2666666666667,27.4666666666667,8.9,6.56666666666667,492.34,9.8,4.4,15.3
165.06,59.76,133.95,133.56,12.3333333333333,19.8333333333333,4.63333333333333,2.53333333333333,6.43333333333333,12.1666666666667,0.333333333333333,-1.53333333333333,18.2666666666667,27.4666666666667,8.9,6.56666666666667,492.34,9.8,4.4,15.3
165.06,59.76,133.95,133.56,12.3333333333333,19.8333333333333,4.63333333333333,2.53333333333333,6.43333333333333,12.1666666666667,0.333333333333333,-1.53333333333333,18.2666666666667,27.4666666666667,8.9,6.56666666666667,492.34,9.8,4.4,15.3
165.06,59.76,133.95,133.56,12.3333333333333,19.8333333333333,4.63333333333333,2.53333333333333,6.43333333333333,12.1666666666667,0.333333333333333,-1.53333333333333,18.2666666666667,27.4666666666667,8.9,6.56666666666667,492.34,9.8,4.4,15.3
154.72,51.73,171.42,181.43,13.0333333333333,20.0666666666667,5,3.03333333333333,6.73333333333333,11.8666666666667,0.633333333333333,-1.13333333333333,19.2666666666667,28.2666666666667,9.36666666666667,7.23333333333333,559.29,10.3,4.5,16
154.72,51.73,171.42,181.43,13.0333333333333,20.0666666666667,5,3.03333333333333,6.73333333333333,11.8666666666667,0.633333333333333,-1.13333333333333,19.2666666666667,28.2666666666667,9.36666666666667,7.23333333333333,559.29,10.3,4.5,16
154.72,51.73,171.42,181.43,13.0333333333333,20.0666666666667,5,3.03333333333333,6.73333333333333,11.8666666666667,0.633333333333333,-1.13333333333333,19.2666666666667,28.2666666666667,9.36666666666667,7.23333333333333,559.29,10.3,4.5,16
154.72,51.73,171.42,181.43,13.0333333333333,20.0666666666667,5,3.03333333333333,6.73333333333333,11.8666666666667,0.633333333333333,-1.13333333333333,19.2666666666667,28.2666666666667,9.36666666666667,7.23333333333333,559.29,10.3,4.5,16
154.72,51.73,171.42,181.43,13.0333333333333,20.0666666666667,5,3.03333333333333,6.73333333333333,11.8666666666667,0.633333333333333,-1.13333333333333,19.2666666666667,28.2666666666667,9.36666666666667,7.23333333333333,559.29,10.3,4.5,16
154.72,51.73,171.42,181.43,13.0333333333333,20.0666666666667,5,3.03333333333333,6.73333333333333,11.8666666666667,0.633333333333333,-1.13333333333333,19.2666666666667,28.2666666666667,9.36666666666667,7.23333333333333,559.29,10.3,4.5,16
146.49,50.38,156.06,164.39,14,21.1,5.6,3.76666666666667,7.6,12.8666666666667,1.33333333333333,-0.4,20.4333333333333,29.3333333333333,9.93333333333333,7.93333333333333,517.33,11.1,5.3,16.9
146.49,50.38,156.06,164.39,14,21.1,5.6,3.76666666666667,7.6,12.8666666666667,1.33333333333333,-0.4,20.4333333333333,29.3333333333333,9.93333333333333,7.93333333333333,517.33,11.1,5.3,16.9
146.49,50.38,156.06,164.39,14,21.1,5.6,3.76666666666667,7.6,12.8666666666667,1.33333333333333,-0.4,20.4333333333333,29.3333333333333,9.93333333333333,7.93333333333333,517.33,11.1,5.3,16.9
205.5,79.88,146.86,139.78,10.1333333333333,17.7,2.83333333333333,0.633333333333333,4.23333333333333,10.3,-1.43333333333333,-3.5,16.1,25.1,7.1,4.8,572.01,7.8,2.4,13.3
205.5,79.88,146.86,139.78,10.1333333333333,17.7,2.83333333333333,0.633333333333333,4.23333333333333,10.3,-1.43333333333333,-3.5,16.1,25.1,7.1,4.8,572.01,7.8,2.4,13.3
205.5,79.88,146.86,139.78,10.1333333333333,17.7,2.83333333333333,0.633333333333333,4.23333333333333,10.3,-1.43333333333333,-3.5,16.1,25.1,7.1,4.8,572.01,7.8,2.4,13.3
205.5,79.88,146.86,139.78,10.1333333333333,17.7,2.83333333333333,0.633333333333333,4.23333333333333,10.3,-1.43333333333333,-3.5,16.1,25.1,7.1,4.8,572.01,7.8,2.4,13.3
205.5,79.88,146.86,139.78,10.1333333333333,17.7,2.83333333333333,0.633333333333333,4.23333333333333,10.3,-1.43333333333333,-3.5,16.1,25.1,7.1,4.8,572.01,7.8,2.4,13.3
205.5,79.88,146.86,139.78,10.1333333333333,17.7,2.83333333333333,0.633333333333333,4.23333333333333,10.3,-1.43333333333333,-3.5,16.1,25.1,7.1,4.8,572.01,7.8,2.4,13.3
192.73,75.13,133.22,121.18,10.3666666666667,17.6666666666667,3.1,1.06666666666667,4.16666666666667,9.76666666666667,-1.33333333333333,-3.36666666666667,16.5333333333333,25.5666666666667,7.6,5.6,522.26,8.1,2.3,13.8
192.73,75.13,133.22,121.18,10.3666666666667,17.6666666666667,3.1,1.06666666666667,4.16666666666667,9.76666666666667,-1.33333333333333,-3.36666666666667,16.5333333333333,25.5666666666667,7.6,5.6,522.26,8.1,2.3,13.8
192.73,75.13,133.22,121.18,10.3666666666667,17.6666666666667,3.1,1.06666666666667,4.16666666666667,9.76666666666667,-1.33333333333333,-3.36666666666667,16.5333333333333,25.5666666666667,7.6,5.6,522.26,8.1,2.3,13.8
158.43,56.85,149.84,146.43,12.4333333333333,19.6333333333333,4.7,2.7,6.43333333333333,11.8333333333333,0.4,-1.4,18.4333333333333,27.4666666666667,9.03333333333333,6.86666666666667,511.55,9.9,4.3,15.4
158.43,56.85,149.84,146.43,12.4333333333333,19.6333333333333,4.7,2.7,6.43333333333333,11.8333333333333,0.4,-1.4,18.4333333333333,27.4666666666667,9.03333333333333,6.86666666666667,511.55,9.9,4.3,15.4
158.43,56.85,149.84,146.43,12.4333333333333,19.6333333333333,4.7,2.7,6.43333333333333,11.8333333333333,0.4,-1.4,18.4333333333333,27.4666666666667,9.03333333333333,6.86666666666667,511.55,9.9,4.3,15.4
158.43,56.85,149.84,146.43,12.4333333333333,19.6333333333333,4.7,2.7,6.43333333333333,11.8333333333333,0.4,-1.4,18.4333333333333,27.4666666666667,9.03333333333333,6.86666666666667,511.55,9.9,4.3,15.4
158.43,56.85,149.84,146.43,12.4333333333333,19.6333333333333,4.7,2.7,6.43333333333333,11.8333333333333,0.4,-1.4,18.4333333333333,27.4666666666667,9.03333333333333,6.86666666666667,511.55,9.9,4.3,15.4
158.43,56.85,149.84,146.43,12.4333333333333,19.6333333333333,4.7,2.7,6.43333333333333,11.8333333333333,0.4,-1.4,18.4333333333333,27.4666666666667,9.03333333333333,6.86666666666667,511.55,9.9,4.3,15.4
153.92,57,147.73,144.42,12.3666666666667,19.6666666666667,4.73333333333333,2.7,6.36666666666667,11.9666666666667,0.466666666666667,-1.36666666666667,18.3333333333333,27.3666666666667,9.06666666666667,6.8,503.07,9.9,4.4,15.4
153.92,57,147.73,144.42,12.3666666666667,19.6666666666667,4.73333333333333,2.7,6.36666666666667,11.9666666666667,0.466666666666667,-1.36666666666667,18.3333333333333,27.3666666666667,9.06666666666667,6.8,503.07,9.9,4.4,15.4
153.92,57,147.73,144.42,12.3666666666667,19.6666666666667,4.73333333333333,2.7,6.36666666666667,11.9666666666667,0.466666666666667,-1.36666666666667,18.3333333333333,27.3666666666667,9.06666666666667,6.8,503.07,9.9,4.4,15.4
153.39,52.77,156.19,161.79,10.5666666666667,18.6,2.83333333333333,0.366666666666667,4.1,10.4666666666667,-1.5,-4.23333333333333,17.0666666666667,26.7333333333333,7.13333333333333,4.93333333333333,524.16,8.1,2.2,14
153.39,52.77,156.19,161.79,10.5666666666667,18.6,2.83333333333333,0.366666666666667,4.1,10.4666666666667,-1.5,-4.23333333333333,17.0666666666667,26.7333333333333,7.13333333333333,4.93333333333333,524.16,8.1,2.2,14
153.39,52.77,156.19,161.79,10.5666666666667,18.6,2.83333333333333,0.366666666666667,4.1,10.4666666666667,-1.5,-4.23333333333333,17.0666666666667,26.7333333333333,7.13333333333333,4.93333333333333,524.16,8.1,2.2,14
153.39,52.77,156.19,161.79,10.5666666666667,18.6,2.83333333333333,0.366666666666667,4.1,10.4666666666667,-1.5,-4.23333333333333,17.0666666666667,26.7333333333333,7.13333333333333,4.93333333333333,524.16,8.1,2.2,14
153.39,52.77,156.19,161.79,10.5666666666667,18.6,2.83333333333333,0.366666666666667,4.1,10.4666666666667,-1.5,-4.23333333333333,17.0666666666667,26.7333333333333,7.13333333333333,4.93333333333333,524.16,8.1,2.2,14
153.39,52.77,156.19,161.79,10.5666666666667,18.6,2.83333333333333,0.366666666666667,4.1,10.4666666666667,-1.5,-4.23333333333333,17.0666666666667,26.7333333333333,7.13333333333333,4.93333333333333,524.16,8.1,2.2,14
153.39,52.77,156.19,161.79,10.5666666666667,18.6,2.83333333333333,0.366666666666667,4.1,10.4666666666667,-1.5,-4.23333333333333,17.0666666666667,26.7333333333333,7.13333333333333,4.93333333333333,524.16,8.1,2.2,14
153.39,52.77,156.19,161.79,10.5666666666667,18.6,2.83333333333333,0.366666666666667,4.1,10.4666666666667,-1.5,-4.23333333333333,17.0666666666667,26.7333333333333,7.13333333333333,4.93333333333333,524.16,8.1,2.2,14
153.39,52.77,156.19,161.79,10.5666666666667,18.6,2.83333333333333,0.366666666666667,4.1,10.4666666666667,-1.5,-4.23333333333333,17.0666666666667,26.7333333333333,7.13333333333333,4.93333333333333,524.16,8.1,2.2,14
194.55,94.71,76.73,62.23,11.1,18.8,1.6,-1.86666666666667,4.06666666666667,10.3666666666667,-5.2,-8.46666666666667,18.0666666666667,27.2333333333333,8.36666666666667,4.7,428.23,7.4,0.2,14.6
194.55,94.71,76.73,62.23,11.1,18.8,1.6,-1.86666666666667,4.06666666666667,10.3666666666667,-5.2,-8.46666666666667,18.0666666666667,27.2333333333333,8.36666666666667,4.7,428.23,7.4,0.2,14.6
194.55,94.71,76.73,62.23,11.1,18.8,1.6,-1.86666666666667,4.06666666666667,10.3666666666667,-5.2,-8.46666666666667,18.0666666666667,27.2333333333333,8.36666666666667,4.7,428.23,7.4,0.2,14.6
194.55,94.71,76.73,62.23,11.1,18.8,1.6,-1.86666666666667,4.06666666666667,10.3666666666667,-5.2,-8.46666666666667,18.0666666666667,27.2333333333333,8.36666666666667,4.7,428.23,7.4,0.2,14.6
194.55,94.71,76.73,62.23,11.1,18.8,1.6,-1.86666666666667,4.06666666666667,10.3666666666667,-5.2,-8.46666666666667,18.0666666666667,27.2333333333333,8.36666666666667,4.7,428.23,7.4,0.2,14.6
194.55,94.71,76.73,62.23,11.1,18.8,1.6,-1.86666666666667,4.06666666666667,10.3666666666667,-5.2,-8.46666666666667,18.0666666666667,27.2333333333333,8.36666666666667,4.7,428.23,7.4,0.2,14.6
168.46,39.8,157.32,185.27,9.9,18.4333333333333,2.7,-0.166666666666667,3.6,11.2333333333333,-2.1,-4.73333333333333,16.2,25.6666666666667,7.5,4.33333333333333,550.85,7.7,2,13.4
168.46,39.8,157.32,185.27,9.9,18.4333333333333,2.7,-0.166666666666667,3.6,11.2333333333333,-2.1,-4.73333333333333,16.2,25.6666666666667,7.5,4.33333333333333,550.85,7.7,2,13.4
168.46,39.8,157.32,185.27,9.9,18.4333333333333,2.7,-0.166666666666667,3.6,11.2333333333333,-2.1,-4.73333333333333,16.2,25.6666666666667,7.5,4.33333333333333,550.85,7.7,2,13.4
159.51,73.98,98.09,84.92,11.2,17.8666666666667,2.06666666666667,-0.2,4.2,8.96666666666667,-2.76666666666667,-5.03333333333333,18.2,26.7,6.83333333333333,4.56666666666667,416.5,7.7,1.4,14.1
159.51,73.98,98.09,84.92,11.2,17.8666666666667,2.06666666666667,-0.2,4.2,8.96666666666667,-2.76666666666667,-5.03333333333333,18.2,26.7,6.83333333333333,4.56666666666667,416.5,7.7,1.4,14.1
159.51,73.98,98.09,84.92,11.2,17.8666666666667,2.06666666666667,-0.2,4.2,8.96666666666667,-2.76666666666667,-5.03333333333333,18.2,26.7,6.83333333333333,4.56666666666667,416.5,7.7,1.4,14.1
158.67,87.77,54.82,50.59,11.8,19.2333333333333,1.33333333333333,-2.16666666666667,3.9,9.56666666666667,-6.26666666666667,-9.53333333333333,19.7,28.8666666666667,8.93333333333333,5.2,351.86,7.5,-0.6,15.7
158.67,87.77,54.82,50.59,11.8,19.2333333333333,1.33333333333333,-2.16666666666667,3.9,9.56666666666667,-6.26666666666667,-9.53333333333333,19.7,28.8666666666667,8.93333333333333,5.2,351.86,7.5,-0.6,15.7
158.67,87.77,54.82,50.59,11.8,19.2333333333333,1.33333333333333,-2.16666666666667,3.9,9.56666666666667,-6.26666666666667,-9.53333333333333,19.7,28.8666666666667,8.93333333333333,5.2,351.86,7.5,-0.6,15.7
158.67,87.77,54.82,50.59,11.8,19.2333333333333,1.33333333333333,-2.16666666666667,3.9,9.56666666666667,-6.26666666666667,-9.53333333333333,19.7,28.8666666666667,8.93333333333333,5.2,351.86,7.5,-0.6,15.7
158.67,87.77,54.82,50.59,11.8,19.2333333333333,1.33333333333333,-2.16666666666667,3.9,9.56666666666667,-6.26666666666667,-9.53333333333333,19.7,28.8666666666667,8.93333333333333,5.2,351.86,7.5,-0.6,15.7
158.67,87.77,54.82,50.59,11.8,19.2333333333333,1.33333333333333,-2.16666666666667,3.9,9.56666666666667,-6.26666666666667,-9.53333333333333,19.7,28.8666666666667,8.93333333333333,5.2,351.86,7.5,-0.6,15.7
158.33,134.11,49.93,38.68,10.6666666666667,17.9666666666667,2.4,-0.7,3.63333333333333,10.1333333333333,-4.26666666666667,-7.13333333333333,17.7,25.9,9,5.7,381.04,7.6,0.6,14.6
169.44,94.41,49.16,35.71,13.3,20.7666666666667,1.36666666666667,-3.26666666666667,6.03333333333333,12.1333333333333,-5.46666666666667,-9.9,20.6666666666667,29.4,8.2,3.3,348.7,8,0.7,15.4
169.44,94.41,49.16,35.71,13.3,20.7666666666667,1.36666666666667,-3.26666666666667,6.03333333333333,12.1333333333333,-5.46666666666667,-9.9,20.6666666666667,29.4,8.2,3.3,348.7,8,0.7,15.4
169.44,94.41,49.16,35.71,13.3,20.7666666666667,1.36666666666667,-3.26666666666667,6.03333333333333,12.1333333333333,-5.46666666666667,-9.9,20.6666666666667,29.4,8.2,3.3,348.7,8,0.7,15.4
170.14,95.41,49.48,36.11,13.1333333333333,20.6666666666667,1.3,-3.33333333333333,5.93333333333333,12.1666666666667,-5.4,-9.76666666666667,20.3666666666667,29.1666666666667,8.03333333333333,3.13333333333333,351.14,8,0.7,15.2
170.14,95.41,49.48,36.11,13.1333333333333,20.6666666666667,1.3,-3.33333333333333,5.93333333333333,12.1666666666667,-5.4,-9.76666666666667,20.3666666666667,29.1666666666667,8.03333333333333,3.13333333333333,351.14,8,0.7,15.2
170.14,95.41,49.48,36.11,13.1333333333333,20.6666666666667,1.3,-3.33333333333333,5.93333333333333,12.1666666666667,-5.4,-9.76666666666667,20.3666666666667,29.1666666666667,8.03333333333333,3.13333333333333,351.14,8,0.7,15.2
170.39,95.96,49.54,36.36,13.1666666666667,20.6666666666667,1.3,-3.26666666666667,5.86666666666667,12.0666666666667,-5.46666666666667,-9.83333333333333,20.4666666666667,29.3,8.13333333333333,3.3,352.26,8,0.7,15.3
170.39,95.96,49.54,36.36,13.1666666666667,20.6666666666667,1.3,-3.26666666666667,5.86666666666667,12.0666666666667,-5.46666666666667,-9.83333333333333,20.4666666666667,29.3,8.13333333333333,3.3,352.26,8,0.7,15.3
170.39,95.96,49.54,36.36,13.1666666666667,20.6666666666667,1.3,-3.26666666666667,5.86666666666667,12.0666666666667,-5.46666666666667,-9.83333333333333,20.4666666666667,29.3,8.13333333333333,3.3,352.26,8,0.7,15.3
170.35,95.62,49.62,36.25,13.0666666666667,20.6,1.3,-3.3,5.86666666666667,12.0666666666667,-5.4,-9.73333333333333,20.2666666666667,29.1,8.03333333333333,3.13333333333333,351.85,7.9,0.7,15.1
170.35,95.62,49.62,36.25,13.0666666666667,20.6,1.3,-3.3,5.86666666666667,12.0666666666667,-5.4,-9.73333333333333,20.2666666666667,29.1,8.03333333333333,3.13333333333333,351.85,7.9,0.7,15.1
170.35,95.62,49.62,36.25,13.0666666666667,20.6,1.3,-3.3,5.86666666666667,12.0666666666667,-5.4,-9.73333333333333,20.2666666666667,29.1,8.03333333333333,3.13333333333333,351.85,7.9,0.7,15.1
173.77,86.66,71.15,54.93,11.1666666666667,18.5666666666667,2.46666666666667,-0.566666666666667,3.7,8.83333333333333,-3.8,-6.73333333333333,18.6333333333333,28.3,8.73333333333333,5.53333333333333,386.53,7.9,0.5,15.3
173.77,86.66,71.15,54.93,11.1666666666667,18.5666666666667,2.46666666666667,-0.566666666666667,3.7,8.83333333333333,-3.8,-6.73333333333333,18.6333333333333,28.3,8.73333333333333,5.53333333333333,386.53,7.9,0.5,15.3
173.77,86.66,71.15,54.93,11.1666666666667,18.5666666666667,2.46666666666667,-0.566666666666667,3.7,8.83333333333333,-3.8,-6.73333333333333,18.6333333333333,28.3,8.73333333333333,5.53333333333333,386.53,7.9,0.5,15.3
129.97,32.26,165,174.86,12.7666666666667,20.3,3.56666666666667,1.36666666666667,4.66666666666667,10.6,-2.56666666666667,-4.33333333333333,20.9,29.9666666666667,9.7,7.06666666666667,502.1,9.5,2.1,16.9
129.97,32.26,165,174.86,12.7666666666667,20.3,3.56666666666667,1.36666666666667,4.66666666666667,10.6,-2.56666666666667,-4.33333333333333,20.9,29.9666666666667,9.7,7.06666666666667,502.1,9.5,2.1,16.9
129.97,32.26,165,174.86,12.7666666666667,20.3,3.56666666666667,1.36666666666667,4.66666666666667,10.6,-2.56666666666667,-4.33333333333333,20.9,29.9666666666667,9.7,7.06666666666667,502.1,9.5,2.1,16.9
134.63,34.71,180.06,189.59,12.9,20.1,2.9,0.233333333333333,4.66666666666667,9.66666666666667,-3.4,-5.33333333333333,21.1666666666667,30.5,9.16666666666667,5.83333333333333,539,9,1.4,16.7
134.63,34.71,180.06,189.59,12.9,20.1,2.9,0.233333333333333,4.66666666666667,9.66666666666667,-3.4,-5.33333333333333,21.1666666666667,30.5,9.16666666666667,5.83333333333333,539,9,1.4,16.7
134.63,34.71,180.06,189.59,12.9,20.1,2.9,0.233333333333333,4.66666666666667,9.66666666666667,-3.4,-5.33333333333333,21.1666666666667,30.5,9.16666666666667,5.83333333333333,539,9,1.4,16.7
122.08,25.59,184,206.79,11.1333333333333,19,2.63333333333333,-0.2,4.5,10.6,-2.53333333333333,-4.83333333333333,17.7,27.4333333333333,7.7,4.43333333333333,538.48,8.1,1.9,14.3
122.08,25.59,184,206.79,11.1333333333333,19,2.63333333333333,-0.2,4.5,10.6,-2.53333333333333,-4.83333333333333,17.7,27.4333333333333,7.7,4.43333333333333,538.48,8.1,1.9,14.3
122.08,25.59,184,206.79,11.1333333333333,19,2.63333333333333,-0.2,4.5,10.6,-2.53333333333333,-4.83333333333333,17.7,27.4333333333333,7.7,4.43333333333333,538.48,8.1,1.9,14.3
118.1,66.03,58.41,45.02,12.7666666666667,19.9666666666667,1.3,-2.16666666666667,4.96666666666667,10.6666666666667,-6.03333333333333,-9.26666666666667,20.6333333333333,29.2333333333333,8.56666666666667,5,287.55,8,0.1,15.9
118.1,66.03,58.41,45.02,12.7666666666667,19.9666666666667,1.3,-2.16666666666667,4.96666666666667,10.6666666666667,-6.03333333333333,-9.26666666666667,20.6333333333333,29.2333333333333,8.56666666666667,5,287.55,8,0.1,15.9
118.1,66.03,58.41,45.02,12.7666666666667,19.9666666666667,1.3,-2.16666666666667,4.96666666666667,10.6666666666667,-6.03333333333333,-9.26666666666667,20.6333333333333,29.2333333333333,8.56666666666667,5,287.55,8,0.1,15.9
118.1,66.03,58.41,45.02,12.7666666666667,19.9666666666667,1.3,-2.16666666666667,4.96666666666667,10.6666666666667,-6.03333333333333,-9.26666666666667,20.6333333333333,29.2333333333333,8.56666666666667,5,287.55,8,0.1,15.9
118.1,66.03,58.41,45.02,12.7666666666667,19.9666666666667,1.3,-2.16666666666667,4.96666666666667,10.6666666666667,-6.03333333333333,-9.26666666666667,20.6333333333333,29.2333333333333,8.56666666666667,5,287.55,8,0.1,15.9
118.1,66.03,58.41,45.02,12.7666666666667,19.9666666666667,1.3,-2.16666666666667,4.96666666666667,10.6666666666667,-6.03333333333333,-9.26666666666667,20.6333333333333,29.2333333333333,8.56666666666667,5,287.55,8,0.1,15.9
118.1,66.03,58.41,45.02,12.7666666666667,19.9666666666667,1.3,-2.16666666666667,4.96666666666667,10.6666666666667,-6.03333333333333,-9.26666666666667,20.6333333333333,29.2333333333333,8.56666666666667,5,287.55,8,0.1,15.9
118.1,66.03,58.41,45.02,12.7666666666667,19.9666666666667,1.3,-2.16666666666667,4.96666666666667,10.6666666666667,-6.03333333333333,-9.26666666666667,20.6333333333333,29.2333333333333,8.56666666666667,5,287.55,8,0.1,15.9
118.1,66.03,58.41,45.02,12.7666666666667,19.9666666666667,1.3,-2.16666666666667,4.96666666666667,10.6666666666667,-6.03333333333333,-9.26666666666667,20.6333333333333,29.2333333333333,8.56666666666667,5,287.55,8,0.1,15.9
118.1,66.03,58.41,45.02,12.7666666666667,19.9666666666667,1.3,-2.16666666666667,4.96666666666667,10.6666666666667,-6.03333333333333,-9.26666666666667,20.6333333333333,29.2333333333333,8.56666666666667,5,287.55,8,0.1,15.9
118.1,66.03,58.41,45.02,12.7666666666667,19.9666666666667,1.3,-2.16666666666667,4.96666666666667,10.6666666666667,-6.03333333333333,-9.26666666666667,20.6333333333333,29.2333333333333,8.56666666666667,5,287.55,8,0.1,15.9
118.1,66.03,58.41,45.02,12.7666666666667,19.9666666666667,1.3,-2.16666666666667,4.96666666666667,10.6666666666667,-6.03333333333333,-9.26666666666667,20.6333333333333,29.2333333333333,8.56666666666667,5,287.55,8,0.1,15.9
118.1,66.03,58.41,45.02,12.7666666666667,19.9666666666667,1.3,-2.16666666666667,4.96666666666667,10.6666666666667,-6.03333333333333,-9.26666666666667,20.6333333333333,29.2333333333333,8.56666666666667,5,287.55,8,0.1,15.9
118.1,66.03,58.41,45.02,12.7666666666667,19.9666666666667,1.3,-2.16666666666667,4.96666666666667,10.6666666666667,-6.03333333333333,-9.26666666666667,20.6333333333333,29.2333333333333,8.56666666666667,5,287.55,8,0.1,15.9
118.1,66.03,58.41,45.02,12.7666666666667,19.9666666666667,1.3,-2.16666666666667,4.96666666666667,10.6666666666667,-6.03333333333333,-9.26666666666667,20.6333333333333,29.2333333333333,8.56666666666667,5,287.55,8,0.1,15.9
118.1,66.03,58.41,45.02,12.7666666666667,19.9666666666667,1.3,-2.16666666666667,4.96666666666667,10.6666666666667,-6.03333333333333,-9.26666666666667,20.6333333333333,29.2333333333333,8.56666666666667,5,287.55,8,0.1,15.9
118.1,66.03,58.41,45.02,12.7666666666667,19.9666666666667,1.3,-2.16666666666667,4.96666666666667,10.6666666666667,-6.03333333333333,-9.26666666666667,20.6333333333333,29.2333333333333,8.56666666666667,5,287.55,8,0.1,15.9
118.1,66.03,58.41,45.02,12.7666666666667,19.9666666666667,1.3,-2.16666666666667,4.96666666666667,10.6666666666667,-6.03333333333333,-9.26666666666667,20.6333333333333,29.2333333333333,8.56666666666667,5,287.55,8,0.1,15.9
118.1,66.03,58.41,45.02,12.7666666666667,19.9666666666667,1.3,-2.16666666666667,4.96666666666667,10.6666666666667,-6.03333333333333,-9.26666666666667,20.6333333333333,29.2333333333333,8.56666666666667,5,287.55,8,0.1,15.9
118.1,66.03,58.41,45.02,12.7666666666667,19.9666666666667,1.3,-2.16666666666667,4.96666666666667,10.6666666666667,-6.03333333333333,-9.26666666666667,20.6333333333333,29.2333333333333,8.56666666666667,5,287.55,8,0.1,15.9
118.1,66.03,58.41,45.02,12.7666666666667,19.9666666666667,1.3,-2.16666666666667,4.96666666666667,10.6666666666667,-6.03333333333333,-9.26666666666667,20.6333333333333,29.2333333333333,8.56666666666667,5,287.55,8,0.1,15.9
118.1,66.03,58.41,45.02,12.7666666666667,19.9666666666667,1.3,-2.16666666666667,4.96666666666667,10.6666666666667,-6.03333333333333,-9.26666666666667,20.6333333333333,29.2333333333333,8.56666666666667,5,287.55,8,0.1,15.9
118.1,66.03,58.41,45.02,12.7666666666667,19.9666666666667,1.3,-2.16666666666667,4.96666666666667,10.6666666666667,-6.03333333333333,-9.26666666666667,20.6333333333333,29.2333333333333,8.56666666666667,5,287.55,8,0.1,15.9
118.1,66.03,58.41,45.02,12.7666666666667,19.9666666666667,1.3,-2.16666666666667,4.96666666666667,10.6666666666667,-6.03333333333333,-9.26666666666667,20.6333333333333,29.2333333333333,8.56666666666667,5,287.55,8,0.1,15.9
123.05,31.99,115.4,129.33,11.1,19.1,3.36666666666667,0.9,4.16666666666667,10.9666666666667,-2.3,-4.16666666666667,18.0333333333333,27.2666666666667,8.96666666666667,6.03333333333333,399.77,8.6,2.2,15.1
123.05,31.99,115.4,129.33,11.1,19.1,3.36666666666667,0.9,4.16666666666667,10.9666666666667,-2.3,-4.16666666666667,18.0333333333333,27.2666666666667,8.96666666666667,6.03333333333333,399.77,8.6,2.2,15.1
123.05,31.99,115.4,129.33,11.1,19.1,3.36666666666667,0.9,4.16666666666667,10.9666666666667,-2.3,-4.16666666666667,18.0333333333333,27.2666666666667,8.96666666666667,6.03333333333333,399.77,8.6,2.2,15.1
146.9,37.38,193.59,205.42,12.8333333333333,20.0666666666667,2.76666666666667,0.0333333333333335,4.6,9.63333333333333,-3.56666666666667,-5.5,21.1,30.5,9.03333333333333,5.53333333333333,583.28,8.9,1.3,16.5
146.9,37.38,193.59,205.42,12.8333333333333,20.0666666666667,2.76666666666667,0.0333333333333335,4.6,9.63333333333333,-3.56666666666667,-5.5,21.1,30.5,9.03333333333333,5.53333333333333,583.28,8.9,1.3,16.5
146.9,37.38,193.59,205.42,12.8333333333333,20.0666666666667,2.76666666666667,0.0333333333333335,4.6,9.63333333333333,-3.56666666666667,-5.5,21.1,30.5,9.03333333333333,5.53333333333333,583.28,8.9,1.3,16.5
158.61,134.03,50.07,38.96,10.7,18.0666666666667,2.4,-0.666666666666667,3.63333333333333,10.1666666666667,-4.26666666666667,-7.1,17.7666666666667,25.9333333333333,9.03333333333333,5.76666666666667,381.67,7.6,0.6,14.6
158.61,134.03,50.07,38.96,10.7,18.0666666666667,2.4,-0.666666666666667,3.63333333333333,10.1666666666667,-4.26666666666667,-7.1,17.7666666666667,25.9333333333333,9.03333333333333,5.76666666666667,381.67,7.6,0.6,14.6
158.61,134.03,50.07,38.96,10.7,18.0666666666667,2.4,-0.666666666666667,3.63333333333333,10.1666666666667,-4.26666666666667,-7.1,17.7666666666667,25.9333333333333,9.03333333333333,5.76666666666667,381.67,7.6,0.6,14.6
158.61,134.03,50.07,38.96,10.7,18.0666666666667,2.4,-0.666666666666667,3.63333333333333,10.1666666666667,-4.26666666666667,-7.1,17.7666666666667,25.9333333333333,9.03333333333333,5.76666666666667,381.67,7.6,0.6,14.6
200.74,93.5,91.74,75.5,11.1,18.6,1.46666666666667,-1.9,3.96666666666667,9.9,-5.46666666666667,-8.63333333333333,18.2333333333333,27.2666666666667,8.46666666666667,4.8,461.5,7.3,0,14.7
200.74,93.5,91.74,75.5,11.1,18.6,1.46666666666667,-1.9,3.96666666666667,9.9,-5.46666666666667,-8.63333333333333,18.2333333333333,27.2666666666667,8.46666666666667,4.8,461.5,7.3,0,14.7
200.74,93.5,91.74,75.5,11.1,18.6,1.46666666666667,-1.9,3.96666666666667,9.9,-5.46666666666667,-8.63333333333333,18.2333333333333,27.2666666666667,8.46666666666667,4.8,461.5,7.3,0,14.7
200.74,93.5,91.74,75.5,11.1,18.6,1.46666666666667,-1.9,3.96666666666667,9.9,-5.46666666666667,-8.63333333333333,18.2333333333333,27.2666666666667,8.46666666666667,4.8,461.5,7.3,0,14.7
205.8,102.31,120.86,106.5,7.43333333333333,15.7,-0.9,-4.13333333333333,1.6,9.13333333333333,-5.4,-8.8,13.2666666666667,22.3333333333333,3.6,0.566666666666667,535.46,4.5,-0.9,9.9
205.8,102.31,120.86,106.5,7.43333333333333,15.7,-0.9,-4.13333333333333,1.6,9.13333333333333,-5.4,-8.8,13.2666666666667,22.3333333333333,3.6,0.566666666666667,535.46,4.5,-0.9,9.9
205.8,102.31,120.86,106.5,7.43333333333333,15.7,-0.9,-4.13333333333333,1.6,9.13333333333333,-5.4,-8.8,13.2666666666667,22.3333333333333,3.6,0.566666666666667,535.46,4.5,-0.9,9.9
205.8,102.31,120.86,106.5,7.43333333333333,15.7,-0.9,-4.13333333333333,1.6,9.13333333333333,-5.4,-8.8,13.2666666666667,22.3333333333333,3.6,0.566666666666667,535.46,4.5,-0.9,9.9
176.52,89.89,76.38,66.22,11.5,18.8,1.43333333333333,-2.03333333333333,4,9.66666666666667,-5.83333333333333,-9.03333333333333,18.9333333333333,27.9666666666667,8.66666666666667,5,409,7.4,-0.3,15.1
176.52,89.89,76.38,66.22,11.5,18.8,1.43333333333333,-2.03333333333333,4,9.66666666666667,-5.83333333333333,-9.03333333333333,18.9333333333333,27.9666666666667,8.66666666666667,5,409,7.4,-0.3,15.1
176.52,89.89,76.38,66.22,11.5,18.8,1.43333333333333,-2.03333333333333,4,9.66666666666667,-5.83333333333333,-9.03333333333333,18.9333333333333,27.9666666666667,8.66666666666667,5,409,7.4,-0.3,15.1
176.52,89.89,76.38,66.22,11.5,18.8,1.43333333333333,-2.03333333333333,4,9.66666666666667,-5.83333333333333,-9.03333333333333,18.9333333333333,27.9666666666667,8.66666666666667,5,409,7.4,-0.3,15.1
173.32,89.55,73.76,64.21,11.5,18.9,1.43333333333333,-2,4.03333333333333,9.66666666666667,-5.83333333333333,-9.06666666666667,19.0333333333333,28.0666666666667,8.7,5.03333333333333,400.84,7.4,-0.3,15.2
173.32,89.55,73.76,64.21,11.5,18.9,1.43333333333333,-2,4.03333333333333,9.66666666666667,-5.83333333333333,-9.06666666666667,19.0333333333333,28.0666666666667,8.7,5.03333333333333,400.84,7.4,-0.3,15.2
173.32,89.55,73.76,64.21,11.5,18.9,1.43333333333333,-2,4.03333333333333,9.66666666666667,-5.83333333333333,-9.06666666666667,19.0333333333333,28.0666666666667,8.7,5.03333333333333,400.84,7.4,-0.3,15.2
173.32,89.55,73.76,64.21,11.5,18.9,1.43333333333333,-2,4.03333333333333,9.66666666666667,-5.83333333333333,-9.06666666666667,19.0333333333333,28.0666666666667,8.7,5.03333333333333,400.84,7.4,-0.3,15.2
168.72,80.85,115.72,100.24,10.2,17.0333333333333,0.733333333333333,-1.36666666666667,2.86666666666667,7.73333333333333,-4.5,-6.73333333333333,17.5333333333333,26.3666666666667,5.93333333333333,4.03333333333333,465.54,6.6,-0.2,13.5
168.72,80.85,115.72,100.24,10.2,17.0333333333333,0.733333333333333,-1.36666666666667,2.86666666666667,7.73333333333333,-4.5,-6.73333333333333,17.5333333333333,26.3666666666667,5.93333333333333,4.03333333333333,465.54,6.6,-0.2,13.5
168.72,80.85,115.72,100.24,10.2,17.0333333333333,0.733333333333333,-1.36666666666667,2.86666666666667,7.73333333333333,-4.5,-6.73333333333333,17.5333333333333,26.3666666666667,5.93333333333333,4.03333333333333,465.54,6.6,-0.2,13.5
168.72,80.85,115.72,100.24,10.2,17.0333333333333,0.733333333333333,-1.36666666666667,2.86666666666667,7.73333333333333,-4.5,-6.73333333333333,17.5333333333333,26.3666666666667,5.93333333333333,4.03333333333333,465.54,6.6,-0.2,13.5
168.72,80.85,115.72,100.24,10.2,17.0333333333333,0.733333333333333,-1.36666666666667,2.86666666666667,7.73333333333333,-4.5,-6.73333333333333,17.5333333333333,26.3666666666667,5.93333333333333,4.03333333333333,465.54,6.6,-0.2,13.5
168.72,80.85,115.72,100.24,10.2,17.0333333333333,0.733333333333333,-1.36666666666667,2.86666666666667,7.73333333333333,-4.5,-6.73333333333333,17.5333333333333,26.3666666666667,5.93333333333333,4.03333333333333,465.54,6.6,-0.2,13.5
181.38,85.23,147.35,133.22,9.63333333333333,16.9666666666667,0.8,-1.46666666666667,3.23333333333333,9.26666666666667,-3.33333333333333,-6,15.9333333333333,24.6666666666667,4.93333333333333,3.06666666666667,547.19,6.5,0.8,12.2
181.38,85.23,147.35,133.22,9.63333333333333,16.9666666666667,0.8,-1.46666666666667,3.23333333333333,9.26666666666667,-3.33333333333333,-6,15.9333333333333,24.6666666666667,4.93333333333333,3.06666666666667,547.19,6.5,0.8,12.2
181.38,85.23,147.35,133.22,9.63333333333333,16.9666666666667,0.8,-1.46666666666667,3.23333333333333,9.26666666666667,-3.33333333333333,-6,15.9333333333333,24.6666666666667,4.93333333333333,3.06666666666667,547.19,6.5,0.8,12.2
148.03,75.88,106.87,87.32,10.3333333333333,16.9,0.833333333333333,-1.13333333333333,2.5,7.06666666666667,-4.66666666666667,-6.73333333333333,18.1333333333333,26.7666666666667,6.36666666666667,4.43333333333333,418.1,6.7,-0.5,13.9
148.03,75.88,106.87,87.32,10.3333333333333,16.9,0.833333333333333,-1.13333333333333,2.5,7.06666666666667,-4.66666666666667,-6.73333333333333,18.1333333333333,26.7666666666667,6.36666666666667,4.43333333333333,418.1,6.7,-0.5,13.9
148.03,75.88,106.87,87.32,10.3333333333333,16.9,0.833333333333333,-1.13333333333333,2.5,7.06666666666667,-4.66666666666667,-6.73333333333333,18.1333333333333,26.7666666666667,6.36666666666667,4.43333333333333,418.1,6.7,-0.5,13.9
162.59,79.74,120.46,102.7,9.83333333333333,16.6,0.5,-1.43333333333333,2.23333333333333,7.1,-4.76666666666667,-6.96666666666667,17.4333333333333,26.1,5.76666666666667,4.03333333333333,465.49,6.4,-0.6,13.3
162.59,79.74,120.46,102.7,9.83333333333333,16.6,0.5,-1.43333333333333,2.23333333333333,7.1,-4.76666666666667,-6.96666666666667,17.4333333333333,26.1,5.76666666666667,4.03333333333333,465.49,6.4,-0.6,13.3
162.59,79.74,120.46,102.7,9.83333333333333,16.6,0.5,-1.43333333333333,2.23333333333333,7.1,-4.76666666666667,-6.96666666666667,17.4333333333333,26.1,5.76666666666667,4.03333333333333,465.49,6.4,-0.6,13.3
211.64,101.33,94.22,76.77,10.8333333333333,18.4333333333333,1.5,-1.83333333333333,3.86666666666667,10,-5.33333333333333,-8.46666666666667,17.7333333333333,26.8333333333333,8.33333333333333,4.73333333333333,483.96,7.2,0,14.4
211.64,101.33,94.22,76.77,10.8333333333333,18.4333333333333,1.5,-1.83333333333333,3.86666666666667,10,-5.33333333333333,-8.46666666666667,17.7333333333333,26.8333333333333,8.33333333333333,4.73333333333333,483.96,7.2,0,14.4
211.64,101.33,94.22,76.77,10.8333333333333,18.4333333333333,1.5,-1.83333333333333,3.86666666666667,10,-5.33333333333333,-8.46666666666667,17.7333333333333,26.8333333333333,8.33333333333333,4.73333333333333,483.96,7.2,0,14.4
211.64,101.33,94.22,76.77,10.8333333333333,18.4333333333333,1.5,-1.83333333333333,3.86666666666667,10,-5.33333333333333,-8.46666666666667,17.7333333333333,26.8333333333333,8.33333333333333,4.73333333333333,483.96,7.2,0,14.4
170.86,59.11,253.49,244.75,11.2666666666667,17.4666666666667,3.46666666666667,1.4,4.4,7.93333333333333,-1.03333333333333,-2.76666666666667,18.1,27,8,5.56666666666667,728.21,8.4,2.1,14.6
126.38,38.52,196.75,186.29,11.3666666666667,17.6,3.73333333333333,1.73333333333333,4.8,8.33333333333333,-0.666666666666667,-2.23333333333333,17.9,26.8333333333333,8.16666666666667,5.7,547.93,8.6,2.6,14.6
165.61,54.9,217.44,216.72,11.9,18.6666666666667,3.93333333333333,1.86666666666667,5.4,9.96666666666667,-0.466666666666667,-2.3,18.4,27.4,8.26666666666667,6.1,654.67,9.1,3.1,15.1
165.61,54.9,217.44,216.72,11.9,18.6666666666667,3.93333333333333,1.86666666666667,5.4,9.96666666666667,-0.466666666666667,-2.3,18.4,27.4,8.26666666666667,6.1,654.67,9.1,3.1,15.1
166.56,55.61,227.06,225.66,11.7333333333333,18.3333333333333,3.8,1.8,5.26666666666667,9.56666666666667,-0.566666666666667,-2.43333333333333,18.1666666666667,27.1333333333333,8.2,6.03333333333333,674.89,8.9,3,14.9
178.4,63.11,247.65,241.28,10.2,16.0333333333333,2.56666666666667,0.233333333333333,3.73333333333333,6.33333333333333,-1.66666666666667,-4.03333333333333,16.6666666666667,25.7,6.8,4.53333333333333,730.44,7.3,1.1,13.4
178.4,63.11,247.65,241.28,10.2,16.0333333333333,2.56666666666667,0.233333333333333,3.73333333333333,6.33333333333333,-1.66666666666667,-4.03333333333333,16.6666666666667,25.7,6.8,4.53333333333333,730.44,7.3,1.1,13.4
143.42,46.81,201.51,197.22,11.1666666666667,17.4666666666667,3.53333333333333,1.43333333333333,4.66666666666667,8.26666666666667,-0.866666666666667,-2.6,17.6666666666667,26.7,7.93333333333333,5.5,588.97,8.4,2.4,14.4
150.44,49.64,210.58,207.68,10.5333333333333,16.6333333333333,2.93333333333333,0.7,4.1,7.36666666666667,-1.36666666666667,-3.36666666666667,17.0333333333333,25.9666666666667,7.23333333333333,4.8,618.33,7.7,1.7,13.7
148.41,48.81,207.45,204.11,10.5,16.6,2.86666666666667,0.666666666666667,4.06666666666667,7.26666666666667,-1.4,-3.4,16.9666666666667,25.9,7.13333333333333,4.7,608.78,7.6,1.6,13.7
148.41,48.81,207.45,204.11,10.5,16.6,2.86666666666667,0.666666666666667,4.06666666666667,7.26666666666667,-1.4,-3.4,16.9666666666667,25.9,7.13333333333333,4.7,608.78,7.6,1.6,13.7
148.27,48.78,207.7,204.37,10.3666666666667,16.5333333333333,2.76666666666667,0.533333333333333,3.9,7.3,-1.43333333333333,-3.43333333333333,16.7666666666667,25.7,6.93333333333333,4.5,609.11,7.5,1.6,13.5
185.93,60.91,251.92,244.86,10.5666666666667,16.8333333333333,2.83333333333333,0.666666666666667,3.96666666666667,7.53333333333333,-1.6,-3.56666666666667,17.1666666666667,26.2,7.23333333333333,4.83333333333333,743.62,7.7,1.6,13.9
170.86,59.11,253.49,244.75,11.2666666666667,17.4666666666667,3.46666666666667,1.4,4.4,7.93333333333333,-1.03333333333333,-2.76666666666667,18.1,27,8,5.56666666666667,728.21,8.4,2.1,14.6
170.86,59.11,253.49,244.75,11.2666666666667,17.4666666666667,3.46666666666667,1.4,4.4,7.93333333333333,-1.03333333333333,-2.76666666666667,18.1,27,8,5.56666666666667,728.21,8.4,2.1,14.6
193.8,65.68,262.87,255.17,10.2,16.9333333333333,2.83333333333333,0.6,3.93333333333333,8.3,-1.56666666666667,-3.6,16.5,25.5666666666667,7.3,4.8,777.52,7.7,1.8,13.5
193.8,65.68,262.87,255.17,10.2,16.9333333333333,2.83333333333333,0.6,3.93333333333333,8.3,-1.56666666666667,-3.6,16.5,25.5666666666667,7.3,4.8,777.52,7.7,1.8,13.5
195.07,65.79,265.96,258.58,10.2,17.0666666666667,2.83333333333333,0.633333333333333,3.93333333333333,8.56666666666667,-1.56666666666667,-3.56666666666667,16.4666666666667,25.5,7.23333333333333,4.83333333333333,785.41,7.7,1.9,13.5
199.26,67.61,267.15,259.16,10.2666666666667,16.9333333333333,2.83333333333333,0.6,3.96666666666667,8.23333333333333,-1.53333333333333,-3.56666666666667,16.5666666666667,25.6333333333333,7.2,4.76666666666667,793.18,7.7,1.8,13.5
195.07,65.79,265.96,258.58,10.2,17.0666666666667,2.83333333333333,0.633333333333333,3.93333333333333,8.56666666666667,-1.56666666666667,-3.56666666666667,16.4666666666667,25.5,7.23333333333333,4.83333333333333,785.41,7.7,1.9,13.5
195.07,65.79,265.96,258.58,10.2,17.0666666666667,2.83333333333333,0.633333333333333,3.93333333333333,8.56666666666667,-1.56666666666667,-3.56666666666667,16.4666666666667,25.5,7.23333333333333,4.83333333333333,785.41,7.7,1.9,13.5
195.07,65.79,265.96,258.58,10.2,17.0666666666667,2.83333333333333,0.633333333333333,3.93333333333333,8.56666666666667,-1.56666666666667,-3.56666666666667,16.4666666666667,25.5,7.23333333333333,4.83333333333333,785.41,7.7,1.9,13.5
193.8,65.68,262.87,255.17,10.2,16.9333333333333,2.83333333333333,0.6,3.93333333333333,8.3,-1.56666666666667,-3.6,16.5,25.5666666666667,7.3,4.8,777.52,7.7,1.8,13.5
134.82,43.3,193.9,184.53,11.9333333333333,18.9666666666667,4.36666666666667,2.3,6.13333333333333,11.2666666666667,0.3,-1.6,17.7666666666667,26.7,8.5,6.26666666666667,556.55,9.4,4,14.8
134.82,43.3,193.9,184.53,11.9333333333333,18.9666666666667,4.36666666666667,2.3,6.13333333333333,11.2666666666667,0.3,-1.6,17.7666666666667,26.7,8.5,6.26666666666667,556.55,9.4,4,14.8
134.82,43.3,193.9,184.53,11.9333333333333,18.9666666666667,4.36666666666667,2.3,6.13333333333333,11.2666666666667,0.3,-1.6,17.7666666666667,26.7,8.5,6.26666666666667,556.55,9.4,4,14.8
134.82,43.3,193.9,184.53,11.9333333333333,18.9666666666667,4.36666666666667,2.3,6.13333333333333,11.2666666666667,0.3,-1.6,17.7666666666667,26.7,8.5,6.26666666666667,556.55,9.4,4,14.8
134.82,43.3,193.9,184.53,11.9333333333333,18.9666666666667,4.36666666666667,2.3,6.13333333333333,11.2666666666667,0.3,-1.6,17.7666666666667,26.7,8.5,6.26666666666667,556.55,9.4,4,14.8
134.82,43.3,193.9,184.53,11.9333333333333,18.9666666666667,4.36666666666667,2.3,6.13333333333333,11.2666666666667,0.3,-1.6,17.7666666666667,26.7,8.5,6.26666666666667,556.55,9.4,4,14.8
130.33,41.54,188.82,178.62,11.7666666666667,18.1,4,2.06666666666667,5.1,8.9,-0.466666666666667,-2.03333333333333,18.4,27.2666666666667,8.56666666666667,6.13333333333333,539.32,9,2.9,15.1
130.33,41.54,188.82,178.62,11.7666666666667,18.1,4,2.06666666666667,5.1,8.9,-0.466666666666667,-2.03333333333333,18.4,27.2666666666667,8.56666666666667,6.13333333333333,539.32,9,2.9,15.1
130.33,41.54,188.82,178.62,11.7666666666667,18.1,4,2.06666666666667,5.1,8.9,-0.466666666666667,-2.03333333333333,18.4,27.2666666666667,8.56666666666667,6.13333333333333,539.32,9,2.9,15.1
130.33,41.54,188.82,178.62,11.7666666666667,18.1,4,2.06666666666667,5.1,8.9,-0.466666666666667,-2.03333333333333,18.4,27.2666666666667,8.56666666666667,6.13333333333333,539.32,9,2.9,15.1
129.71,41.28,187.92,178.23,11.3666666666667,17.7666666666667,3.73333333333333,1.7,4.96666666666667,8.7,-0.7,-2.33333333333333,17.8333333333333,26.8333333333333,8.16666666666667,5.66666666666667,537.15,8.6,2.7,14.6
137.71,46.37,187.57,178.47,10.9333333333333,17.2,3.16666666666667,1,4.56666666666667,8.13333333333333,-1.16666666666667,-3.16666666666667,17.3,26.2333333333333,7.46666666666667,5.16666666666667,550.12,8.1,2.1,14
139.48,46.7,189.67,181.27,10.8666666666667,17.1666666666667,3.1,0.833333333333333,4.5,8.16666666666667,-1.16666666666667,-3.2,17.2666666666667,26.1333333333333,7.33333333333333,4.96666666666667,557.13,8,2.1,13.9
139.31,47.01,189.07,180.71,10.6333333333333,17,2.9,0.6,4.36666666666667,8.23333333333333,-1.16666666666667,-3.33333333333333,16.8666666666667,25.7333333333333,6.96666666666667,4.56666666666667,556.1,7.8,2,13.5
137.83,46.36,187.85,179.19,10.9333333333333,17.1666666666667,3.13333333333333,0.933333333333333,4.5,8,-1.2,-3.2,17.4333333333333,26.3,7.5,5.06666666666667,551.24,8.1,2,14.1
137.71,46.37,187.57,178.47,10.9333333333333,17.2,3.16666666666667,1,4.56666666666667,8.13333333333333,-1.16666666666667,-3.16666666666667,17.3,26.2333333333333,7.46666666666667,5.16666666666667,550.12,8.1,2.1,14
137.71,46.37,187.57,178.47,10.9333333333333,17.2,3.16666666666667,1,4.56666666666667,8.13333333333333,-1.16666666666667,-3.16666666666667,17.3,26.2333333333333,7.46666666666667,5.16666666666667,550.12,8.1,2.1,14
139.31,47.01,189.07,180.71,10.6333333333333,17,2.9,0.6,4.36666666666667,8.23333333333333,-1.16666666666667,-3.33333333333333,16.8666666666667,25.7333333333333,6.96666666666667,4.56666666666667,556.1,7.8,2,13.5
137.83,46.36,187.85,179.19,10.9333333333333,17.1666666666667,3.13333333333333,0.933333333333333,4.5,8,-1.2,-3.2,17.4333333333333,26.3,7.5,5.06666666666667,551.24,8.1,2,14.1
186.68,63.16,256.82,249.17,10.3666666666667,16.9666666666667,2.93333333333333,0.733333333333333,4.1,8.23333333333333,-1.36666666666667,-3.43333333333333,16.6666666666667,25.7,7.26666666666667,4.86666666666667,755.84,7.7,1.9,13.6
185.93,60.91,251.92,244.86,10.5666666666667,16.8333333333333,2.83333333333333,0.666666666666667,3.96666666666667,7.53333333333333,-1.6,-3.56666666666667,17.1666666666667,26.2,7.23333333333333,4.83333333333333,743.62,7.7,1.6,13.9
126.38,38.52,196.75,186.29,11.3666666666667,17.6,3.73333333333333,1.73333333333333,4.8,8.33333333333333,-0.666666666666667,-2.23333333333333,17.9,26.8333333333333,8.16666666666667,5.7,547.93,8.6,2.6,14.6
136.48,36.25,163.85,171.23,13.0666666666667,20.8,3.9,1.5,5.66666666666667,11.7333333333333,-1.03333333333333,-3.1,20.4666666666667,29.8666666666667,8.83333333333333,6.13333333333333,507.8,9.8,3.3,16.3
136.48,36.25,163.85,171.23,13.0666666666667,20.8,3.9,1.5,5.66666666666667,11.7333333333333,-1.03333333333333,-3.1,20.4666666666667,29.8666666666667,8.83333333333333,6.13333333333333,507.8,9.8,3.3,16.3
136.48,36.25,163.85,171.23,13.0666666666667,20.8,3.9,1.5,5.66666666666667,11.7333333333333,-1.03333333333333,-3.1,20.4666666666667,29.8666666666667,8.83333333333333,6.13333333333333,507.8,9.8,3.3,16.3
118.11,79.83,81.46,79.92,6.5,13.2666666666667,-3.4,-7.6,-1.83333333333333,3.03333333333333,-10.9,-15,14.8666666666667,23.5,4.1,-0.2,359.31,2.2,-6.2,10.6
118.11,79.83,81.46,79.92,6.5,13.2666666666667,-3.4,-7.6,-1.83333333333333,3.03333333333333,-10.9,-15,14.8666666666667,23.5,4.1,-0.2,359.31,2.2,-6.2,10.6
118.11,79.83,81.46,79.92,6.5,13.2666666666667,-3.4,-7.6,-1.83333333333333,3.03333333333333,-10.9,-15,14.8666666666667,23.5,4.1,-0.2,359.31,2.2,-6.2,10.6
118.11,79.83,81.46,79.92,6.5,13.2666666666667,-3.4,-7.6,-1.83333333333333,3.03333333333333,-10.9,-15,14.8666666666667,23.5,4.1,-0.2,359.31,2.2,-6.2,10.6
118.11,79.83,81.46,79.92,6.5,13.2666666666667,-3.4,-7.6,-1.83333333333333,3.03333333333333,-10.9,-15,14.8666666666667,23.5,4.1,-0.2,359.31,2.2,-6.2,10.6
118.11,79.83,81.46,79.92,6.5,13.2666666666667,-3.4,-7.6,-1.83333333333333,3.03333333333333,-10.9,-15,14.8666666666667,23.5,4.1,-0.2,359.31,2.2,-6.2,10.6
118.11,79.83,81.46,79.92,6.5,13.2666666666667,-3.4,-7.6,-1.83333333333333,3.03333333333333,-10.9,-15,14.8666666666667,23.5,4.1,-0.2,359.31,2.2,-6.2,10.6
118.11,79.83,81.46,79.92,6.5,13.2666666666667,-3.4,-7.6,-1.83333333333333,3.03333333333333,-10.9,-15,14.8666666666667,23.5,4.1,-0.2,359.31,2.2,-6.2,10.6
118.11,79.83,81.46,79.92,6.5,13.2666666666667,-3.4,-7.6,-1.83333333333333,3.03333333333333,-10.9,-15,14.8666666666667,23.5,4.1,-0.2,359.31,2.2,-6.2,10.6
118.11,79.83,81.46,79.92,6.5,13.2666666666667,-3.4,-7.6,-1.83333333333333,3.03333333333333,-10.9,-15,14.8666666666667,23.5,4.1,-0.2,359.31,2.2,-6.2,10.6
118.11,79.83,81.46,79.92,6.5,13.2666666666667,-3.4,-7.6,-1.83333333333333,3.03333333333333,-10.9,-15,14.8666666666667,23.5,4.1,-0.2,359.31,2.2,-6.2,10.6
118.11,79.83,81.46,79.92,6.5,13.2666666666667,-3.4,-7.6,-1.83333333333333,3.03333333333333,-10.9,-15,14.8666666666667,23.5,4.1,-0.2,359.31,2.2,-6.2,10.6
118.11,79.83,81.46,79.92,6.5,13.2666666666667,-3.4,-7.6,-1.83333333333333,3.03333333333333,-10.9,-15,14.8666666666667,23.5,4.1,-0.2,359.31,2.2,-6.2,10.6
118.11,79.83,81.46,79.92,6.5,13.2666666666667,-3.4,-7.6,-1.83333333333333,3.03333333333333,-10.9,-15,14.8666666666667,23.5,4.1,-0.2,359.31,2.2,-6.2,10.6
118.11,79.83,81.46,79.92,6.5,13.2666666666667,-3.4,-7.6,-1.83333333333333,3.03333333333333,-10.9,-15,14.8666666666667,23.5,4.1,-0.2,359.31,2.2,-6.2,10.6
118.11,79.83,81.46,79.92,6.5,13.2666666666667,-3.4,-7.6,-1.83333333333333,3.03333333333333,-10.9,-15,14.8666666666667,23.5,4.1,-0.2,359.31,2.2,-6.2,10.6
118.11,79.83,81.46,79.92,6.5,13.2666666666667,-3.4,-7.6,-1.83333333333333,3.03333333333333,-10.9,-15,14.8666666666667,23.5,4.1,-0.2,359.31,2.2,-6.2,10.6
122.41,25.68,186,208.43,10.7666666666667,18.6666666666667,2.26666666666667,-0.666666666666667,3.96666666666667,10,-3.03333333333333,-5.43333333333333,17.6,27.3,7.56666666666667,4.13333333333333,542.54,7.7,1.4,14.1
122.41,25.68,186,208.43,10.7666666666667,18.6666666666667,2.26666666666667,-0.666666666666667,3.96666666666667,10,-3.03333333333333,-5.43333333333333,17.6,27.3,7.56666666666667,4.13333333333333,542.54,7.7,1.4,14.1
122.41,25.68,186,208.43,10.7666666666667,18.6666666666667,2.26666666666667,-0.666666666666667,3.96666666666667,10,-3.03333333333333,-5.43333333333333,17.6,27.3,7.56666666666667,4.13333333333333,542.54,7.7,1.4,14.1
167.5,86.36,63.84,53.82,11.6,19.1666666666667,1.26666666666667,-2.26666666666667,3.93333333333333,9.7,-6.2,-9.4,19.3333333333333,28.6,8.76666666666667,4.86666666666667,371.51,7.4,-0.5,15.4
167.5,86.36,63.84,53.82,11.6,19.1666666666667,1.26666666666667,-2.26666666666667,3.93333333333333,9.7,-6.2,-9.4,19.3333333333333,28.6,8.76666666666667,4.86666666666667,371.51,7.4,-0.5,15.4
167.5,86.36,63.84,53.82,11.6,19.1666666666667,1.26666666666667,-2.26666666666667,3.93333333333333,9.7,-6.2,-9.4,19.3333333333333,28.6,8.76666666666667,4.86666666666667,371.51,7.4,-0.5,15.4
167.5,86.36,63.84,53.82,11.6,19.1666666666667,1.26666666666667,-2.26666666666667,3.93333333333333,9.7,-6.2,-9.4,19.3333333333333,28.6,8.76666666666667,4.86666666666667,371.51,7.4,-0.5,15.4
167.5,86.36,63.84,53.82,11.6,19.1666666666667,1.26666666666667,-2.26666666666667,3.93333333333333,9.7,-6.2,-9.4,19.3333333333333,28.6,8.76666666666667,4.86666666666667,371.51,7.4,-0.5,15.4
167.5,86.36,63.84,53.82,11.6,19.1666666666667,1.26666666666667,-2.26666666666667,3.93333333333333,9.7,-6.2,-9.4,19.3333333333333,28.6,8.76666666666667,4.86666666666667,371.51,7.4,-0.5,15.4
167.5,86.36,63.84,53.82,11.6,19.1666666666667,1.26666666666667,-2.26666666666667,3.93333333333333,9.7,-6.2,-9.4,19.3333333333333,28.6,8.76666666666667,4.86666666666667,371.51,7.4,-0.5,15.4
153.2,83.57,52.66,35.6,11.1333333333333,17.8,0.933333333333333,-1.83333333333333,3.5,8.26666666666667,-5.73333333333333,-8.13333333333333,18.7666666666667,27.3,7.56666666666667,4.46666666666667,325.01,7,-0.5,14.5
153.2,83.57,52.66,35.6,11.1333333333333,17.8,0.933333333333333,-1.83333333333333,3.5,8.26666666666667,-5.73333333333333,-8.13333333333333,18.7666666666667,27.3,7.56666666666667,4.46666666666667,325.01,7,-0.5,14.5
153.2,83.57,52.66,35.6,11.1333333333333,17.8,0.933333333333333,-1.83333333333333,3.5,8.26666666666667,-5.73333333333333,-8.13333333333333,18.7666666666667,27.3,7.56666666666667,4.46666666666667,325.01,7,-0.5,14.5
153.2,83.57,52.66,35.6,11.1333333333333,17.8,0.933333333333333,-1.83333333333333,3.5,8.26666666666667,-5.73333333333333,-8.13333333333333,18.7666666666667,27.3,7.56666666666667,4.46666666666667,325.01,7,-0.5,14.5
153.2,83.57,52.66,35.6,11.1333333333333,17.8,0.933333333333333,-1.83333333333333,3.5,8.26666666666667,-5.73333333333333,-8.13333333333333,18.7666666666667,27.3,7.56666666666667,4.46666666666667,325.01,7,-0.5,14.5
199.14,88.9,79.98,56.48,9.66666666666667,16.7666666666667,0.8,-1.96666666666667,2.46666666666667,7.8,-5.33333333333333,-7.93333333333333,16.8333333333333,25.7333333333333,6.9,4.03333333333333,424.48,6.3,-0.7,13.4
199.14,88.9,79.98,56.48,9.66666666666667,16.7666666666667,0.8,-1.96666666666667,2.46666666666667,7.8,-5.33333333333333,-7.93333333333333,16.8333333333333,25.7333333333333,6.9,4.03333333333333,424.48,6.3,-0.7,13.4
199.14,88.9,79.98,56.48,9.66666666666667,16.7666666666667,0.8,-1.96666666666667,2.46666666666667,7.8,-5.33333333333333,-7.93333333333333,16.8333333333333,25.7333333333333,6.9,4.03333333333333,424.48,6.3,-0.7,13.4
199.14,88.9,79.98,56.48,9.66666666666667,16.7666666666667,0.8,-1.96666666666667,2.46666666666667,7.8,-5.33333333333333,-7.93333333333333,16.8333333333333,25.7333333333333,6.9,4.03333333333333,424.48,6.3,-0.7,13.4
199.14,88.9,79.98,56.48,9.66666666666667,16.7666666666667,0.8,-1.96666666666667,2.46666666666667,7.8,-5.33333333333333,-7.93333333333333,16.8333333333333,25.7333333333333,6.9,4.03333333333333,424.48,6.3,-0.7,13.4
199.14,88.9,79.98,56.48,9.66666666666667,16.7666666666667,0.8,-1.96666666666667,2.46666666666667,7.8,-5.33333333333333,-7.93333333333333,16.8333333333333,25.7333333333333,6.9,4.03333333333333,424.48,6.3,-0.7,13.4
199.14,88.9,79.98,56.48,9.66666666666667,16.7666666666667,0.8,-1.96666666666667,2.46666666666667,7.8,-5.33333333333333,-7.93333333333333,16.8333333333333,25.7333333333333,6.9,4.03333333333333,424.48,6.3,-0.7,13.4
199.14,88.9,79.98,56.48,9.66666666666667,16.7666666666667,0.8,-1.96666666666667,2.46666666666667,7.8,-5.33333333333333,-7.93333333333333,16.8333333333333,25.7333333333333,6.9,4.03333333333333,424.48,6.3,-0.7,13.4
199.14,88.9,79.98,56.48,9.66666666666667,16.7666666666667,0.8,-1.96666666666667,2.46666666666667,7.8,-5.33333333333333,-7.93333333333333,16.8333333333333,25.7333333333333,6.9,4.03333333333333,424.48,6.3,-0.7,13.4
199.14,88.9,79.98,56.48,9.66666666666667,16.7666666666667,0.8,-1.96666666666667,2.46666666666667,7.8,-5.33333333333333,-7.93333333333333,16.8333333333333,25.7333333333333,6.9,4.03333333333333,424.48,6.3,-0.7,13.4
199.14,88.9,79.98,56.48,9.66666666666667,16.7666666666667,0.8,-1.96666666666667,2.46666666666667,7.8,-5.33333333333333,-7.93333333333333,16.8333333333333,25.7333333333333,6.9,4.03333333333333,424.48,6.3,-0.7,13.4
199.14,88.9,79.98,56.48,9.66666666666667,16.7666666666667,0.8,-1.96666666666667,2.46666666666667,7.8,-5.33333333333333,-7.93333333333333,16.8333333333333,25.7333333333333,6.9,4.03333333333333,424.48,6.3,-0.7,13.4
199.14,88.9,79.98,56.48,9.66666666666667,16.7666666666667,0.8,-1.96666666666667,2.46666666666667,7.8,-5.33333333333333,-7.93333333333333,16.8333333333333,25.7333333333333,6.9,4.03333333333333,424.48,6.3,-0.7,13.4
199.14,88.9,79.98,56.48,9.66666666666667,16.7666666666667,0.8,-1.96666666666667,2.46666666666667,7.8,-5.33333333333333,-7.93333333333333,16.8333333333333,25.7333333333333,6.9,4.03333333333333,424.48,6.3,-0.7,13.4
199.14,88.9,79.98,56.48,9.66666666666667,16.7666666666667,0.8,-1.96666666666667,2.46666666666667,7.8,-5.33333333333333,-7.93333333333333,16.8333333333333,25.7333333333333,6.9,4.03333333333333,424.48,6.3,-0.7,13.4
199.14,88.9,79.98,56.48,9.66666666666667,16.7666666666667,0.8,-1.96666666666667,2.46666666666667,7.8,-5.33333333333333,-7.93333333333333,16.8333333333333,25.7333333333333,6.9,4.03333333333333,424.48,6.3,-0.7,13.4
199.14,88.9,79.98,56.48,9.66666666666667,16.7666666666667,0.8,-1.96666666666667,2.46666666666667,7.8,-5.33333333333333,-7.93333333333333,16.8333333333333,25.7333333333333,6.9,4.03333333333333,424.48,6.3,-0.7,13.4
199.14,88.9,79.98,56.48,9.66666666666667,16.7666666666667,0.8,-1.96666666666667,2.46666666666667,7.8,-5.33333333333333,-7.93333333333333,16.8333333333333,25.7333333333333,6.9,4.03333333333333,424.48,6.3,-0.7,13.4
199.14,88.9,79.98,56.48,9.66666666666667,16.7666666666667,0.8,-1.96666666666667,2.46666666666667,7.8,-5.33333333333333,-7.93333333333333,16.8333333333333,25.7333333333333,6.9,4.03333333333333,424.48,6.3,-0.7,13.4
199.14,88.9,79.98,56.48,9.66666666666667,16.7666666666667,0.8,-1.96666666666667,2.46666666666667,7.8,-5.33333333333333,-7.93333333333333,16.8333333333333,25.7333333333333,6.9,4.03333333333333,424.48,6.3,-0.7,13.4
199.14,88.9,79.98,56.48,9.66666666666667,16.7666666666667,0.8,-1.96666666666667,2.46666666666667,7.8,-5.33333333333333,-7.93333333333333,16.8333333333333,25.7333333333333,6.9,4.03333333333333,424.48,6.3,-0.7,13.4
199.14,88.9,79.98,56.48,9.66666666666667,16.7666666666667,0.8,-1.96666666666667,2.46666666666667,7.8,-5.33333333333333,-7.93333333333333,16.8333333333333,25.7333333333333,6.9,4.03333333333333,424.48,6.3,-0.7,13.4
199.14,88.9,79.98,56.48,9.66666666666667,16.7666666666667,0.8,-1.96666666666667,2.46666666666667,7.8,-5.33333333333333,-7.93333333333333,16.8333333333333,25.7333333333333,6.9,4.03333333333333,424.48,6.3,-0.7,13.4
199.14,88.9,79.98,56.48,9.66666666666667,16.7666666666667,0.8,-1.96666666666667,2.46666666666667,7.8,-5.33333333333333,-7.93333333333333,16.8333333333333,25.7333333333333,6.9,4.03333333333333,424.48,6.3,-0.7,13.4
199.14,88.9,79.98,56.48,9.66666666666667,16.7666666666667,0.8,-1.96666666666667,2.46666666666667,7.8,-5.33333333333333,-7.93333333333333,16.8333333333333,25.7333333333333,6.9,4.03333333333333,424.48,6.3,-0.7,13.4
371.49,153.17,255.27,220.65,6.2,14.4,-1.23333333333333,-4.1,0.166666666666667,7.7,-5.4,-8.53333333333333,12.2,21.0666666666667,2.93333333333333,0.4,1000.56,3.8,-1.5,9.2
371.49,153.17,255.27,220.65,6.2,14.4,-1.23333333333333,-4.1,0.166666666666667,7.7,-5.4,-8.53333333333333,12.2,21.0666666666667,2.93333333333333,0.4,1000.56,3.8,-1.5,9.2
371.49,153.17,255.27,220.65,6.2,14.4,-1.23333333333333,-4.1,0.166666666666667,7.7,-5.4,-8.53333333333333,12.2,21.0666666666667,2.93333333333333,0.4,1000.56,3.8,-1.5,9.2
371.49,153.17,255.27,220.65,6.2,14.4,-1.23333333333333,-4.1,0.166666666666667,7.7,-5.4,-8.53333333333333,12.2,21.0666666666667,2.93333333333333,0.4,1000.56,3.8,-1.5,9.2
371.49,153.17,255.27,220.65,6.2,14.4,-1.23333333333333,-4.1,0.166666666666667,7.7,-5.4,-8.53333333333333,12.2,21.0666666666667,2.93333333333333,0.4,1000.56,3.8,-1.5,9.2
162.57,46.45,227.07,246.15,12.1333333333333,19.7333333333333,2.46666666666667,-0.333333333333333,4.16666666666667,9.8,-3.2,-5.5,20.1333333333333,29.6333333333333,8.1,4.83333333333333,682.24,8.5,1.3,15.7
162.57,46.45,227.07,246.15,12.1333333333333,19.7333333333333,2.46666666666667,-0.333333333333333,4.16666666666667,9.8,-3.2,-5.5,20.1333333333333,29.6333333333333,8.1,4.83333333333333,682.24,8.5,1.3,15.7
162.57,46.45,227.07,246.15,12.1333333333333,19.7333333333333,2.46666666666667,-0.333333333333333,4.16666666666667,9.8,-3.2,-5.5,20.1333333333333,29.6333333333333,8.1,4.83333333333333,682.24,8.5,1.3,15.7
162.21,44.69,228.25,242.38,12.1333333333333,19.7666666666667,2.53333333333333,-0.2,4.3,10,-2.96666666666667,-5.26666666666667,20,29.5333333333333,8.03333333333333,4.86666666666667,677.52,8.6,1.5,15.6
162.21,44.69,228.25,242.38,12.1333333333333,19.7666666666667,2.53333333333333,-0.2,4.3,10,-2.96666666666667,-5.26666666666667,20,29.5333333333333,8.03333333333333,4.86666666666667,677.52,8.6,1.5,15.6
162.21,44.69,228.25,242.38,12.1333333333333,19.7666666666667,2.53333333333333,-0.2,4.3,10,-2.96666666666667,-5.26666666666667,20,29.5333333333333,8.03333333333333,4.86666666666667,677.52,8.6,1.5,15.6
98.35,40.3,131.09,143.18,9.56666666666667,17.0333333333333,0.4,-3.06666666666667,1.86666666666667,7.53333333333333,-6.06666666666667,-9.26666666666667,17.2666666666667,26.5666666666667,6.9,3.1,412.92,6,-1.5,13.5
98.35,40.3,131.09,143.18,9.56666666666667,17.0333333333333,0.4,-3.06666666666667,1.86666666666667,7.53333333333333,-6.06666666666667,-9.26666666666667,17.2666666666667,26.5666666666667,6.9,3.1,412.92,6,-1.5,13.5
98.35,40.3,131.09,143.18,9.56666666666667,17.0333333333333,0.4,-3.06666666666667,1.86666666666667,7.53333333333333,-6.06666666666667,-9.26666666666667,17.2666666666667,26.5666666666667,6.9,3.1,412.92,6,-1.5,13.5
98.35,40.3,131.09,143.18,9.56666666666667,17.0333333333333,0.4,-3.06666666666667,1.86666666666667,7.53333333333333,-6.06666666666667,-9.26666666666667,17.2666666666667,26.5666666666667,6.9,3.1,412.92,6,-1.5,13.5
95.77,38.24,125.87,136.95,9.8,17.2333333333333,0.433333333333333,-3.1,2.06666666666667,7.6,-6.1,-9.3,17.5333333333333,26.8333333333333,7,3.06666666666667,396.84,6.1,-1.4,13.6
95.77,38.24,125.87,136.95,9.8,17.2333333333333,0.433333333333333,-3.1,2.06666666666667,7.6,-6.1,-9.3,17.5333333333333,26.8333333333333,7,3.06666666666667,396.84,6.1,-1.4,13.6
95.77,38.24,125.87,136.95,9.8,17.2333333333333,0.433333333333333,-3.1,2.06666666666667,7.6,-6.1,-9.3,17.5333333333333,26.8333333333333,7,3.06666666666667,396.84,6.1,-1.4,13.6
95.77,38.24,125.87,136.95,9.8,17.2333333333333,0.433333333333333,-3.1,2.06666666666667,7.6,-6.1,-9.3,17.5333333333333,26.8333333333333,7,3.06666666666667,396.84,6.1,-1.4,13.6
100.08,41.72,134.67,147.07,9.33333333333333,16.7666666666667,0.366666666666667,-2.96666666666667,1.56666666666667,7.23333333333333,-6.13333333333333,-9.2,17.0666666666667,26.3666666666667,6.9,3.33333333333333,423.54,5.9,-1.6,13.4
100.08,41.72,134.67,147.07,9.33333333333333,16.7666666666667,0.366666666666667,-2.96666666666667,1.56666666666667,7.23333333333333,-6.13333333333333,-9.2,17.0666666666667,26.3666666666667,6.9,3.33333333333333,423.54,5.9,-1.6,13.4
100.08,41.72,134.67,147.07,9.33333333333333,16.7666666666667,0.366666666666667,-2.96666666666667,1.56666666666667,7.23333333333333,-6.13333333333333,-9.2,17.0666666666667,26.3666666666667,6.9,3.33333333333333,423.54,5.9,-1.6,13.4
100.08,41.72,134.67,147.07,9.33333333333333,16.7666666666667,0.366666666666667,-2.96666666666667,1.56666666666667,7.23333333333333,-6.13333333333333,-9.2,17.0666666666667,26.3666666666667,6.9,3.33333333333333,423.54,5.9,-1.6,13.4
100.08,41.72,134.67,147.07,9.33333333333333,16.7666666666667,0.366666666666667,-2.96666666666667,1.56666666666667,7.23333333333333,-6.13333333333333,-9.2,17.0666666666667,26.3666666666667,6.9,3.33333333333333,423.54,5.9,-1.6,13.4
100.08,41.72,134.67,147.07,9.33333333333333,16.7666666666667,0.366666666666667,-2.96666666666667,1.56666666666667,7.23333333333333,-6.13333333333333,-9.2,17.0666666666667,26.3666666666667,6.9,3.33333333333333,423.54,5.9,-1.6,13.4
98.35,40.3,131.09,143.18,9.56666666666667,17.0333333333333,0.4,-3.06666666666667,1.86666666666667,7.53333333333333,-6.06666666666667,-9.26666666666667,17.2666666666667,26.5666666666667,6.9,3.1,412.92,6,-1.5,13.5
98.35,40.3,131.09,143.18,9.56666666666667,17.0333333333333,0.4,-3.06666666666667,1.86666666666667,7.53333333333333,-6.06666666666667,-9.26666666666667,17.2666666666667,26.5666666666667,6.9,3.1,412.92,6,-1.5,13.5
100.08,41.72,134.67,147.07,9.33333333333333,16.7666666666667,0.366666666666667,-2.96666666666667,1.56666666666667,7.23333333333333,-6.13333333333333,-9.2,17.0666666666667,26.3666666666667,6.9,3.33333333333333,423.54,5.9,-1.6,13.4
100.08,41.72,134.67,147.07,9.33333333333333,16.7666666666667,0.366666666666667,-2.96666666666667,1.56666666666667,7.23333333333333,-6.13333333333333,-9.2,17.0666666666667,26.3666666666667,6.9,3.33333333333333,423.54,5.9,-1.6,13.4
100.08,41.72,134.67,147.07,9.33333333333333,16.7666666666667,0.366666666666667,-2.96666666666667,1.56666666666667,7.23333333333333,-6.13333333333333,-9.2,17.0666666666667,26.3666666666667,6.9,3.33333333333333,423.54,5.9,-1.6,13.4
100.08,41.72,134.67,147.07,9.33333333333333,16.7666666666667,0.366666666666667,-2.96666666666667,1.56666666666667,7.23333333333333,-6.13333333333333,-9.2,17.0666666666667,26.3666666666667,6.9,3.33333333333333,423.54,5.9,-1.6,13.4
95.77,38.24,125.87,136.95,9.8,17.2333333333333,0.433333333333333,-3.1,2.06666666666667,7.6,-6.1,-9.3,17.5333333333333,26.8333333333333,7,3.06666666666667,396.84,6.1,-1.4,13.6
95.77,38.24,125.87,136.95,9.8,17.2333333333333,0.433333333333333,-3.1,2.06666666666667,7.6,-6.1,-9.3,17.5333333333333,26.8333333333333,7,3.06666666666667,396.84,6.1,-1.4,13.6
95.77,38.24,125.87,136.95,9.8,17.2333333333333,0.433333333333333,-3.1,2.06666666666667,7.6,-6.1,-9.3,17.5333333333333,26.8333333333333,7,3.06666666666667,396.84,6.1,-1.4,13.6
95.77,38.24,125.87,136.95,9.8,17.2333333333333,0.433333333333333,-3.1,2.06666666666667,7.6,-6.1,-9.3,17.5333333333333,26.8333333333333,7,3.06666666666667,396.84,6.1,-1.4,13.6
95.77,38.24,125.87,136.95,9.8,17.2333333333333,0.433333333333333,-3.1,2.06666666666667,7.6,-6.1,-9.3,17.5333333333333,26.8333333333333,7,3.06666666666667,396.84,6.1,-1.4,13.6
95.77,38.24,125.87,136.95,9.8,17.2333333333333,0.433333333333333,-3.1,2.06666666666667,7.6,-6.1,-9.3,17.5333333333333,26.8333333333333,7,3.06666666666667,396.84,6.1,-1.4,13.6
95.77,38.24,125.87,136.95,9.8,17.2333333333333,0.433333333333333,-3.1,2.06666666666667,7.6,-6.1,-9.3,17.5333333333333,26.8333333333333,7,3.06666666666667,396.84,6.1,-1.4,13.6
95.77,38.24,125.87,136.95,9.8,17.2333333333333,0.433333333333333,-3.1,2.06666666666667,7.6,-6.1,-9.3,17.5333333333333,26.8333333333333,7,3.06666666666667,396.84,6.1,-1.4,13.6
100.08,41.72,134.67,147.07,9.33333333333333,16.7666666666667,0.366666666666667,-2.96666666666667,1.56666666666667,7.23333333333333,-6.13333333333333,-9.2,17.0666666666667,26.3666666666667,6.9,3.33333333333333,423.54,5.9,-1.6,13.4
100.08,41.72,134.67,147.07,9.33333333333333,16.7666666666667,0.366666666666667,-2.96666666666667,1.56666666666667,7.23333333333333,-6.13333333333333,-9.2,17.0666666666667,26.3666666666667,6.9,3.33333333333333,423.54,5.9,-1.6,13.4
100.08,41.72,134.67,147.07,9.33333333333333,16.7666666666667,0.366666666666667,-2.96666666666667,1.56666666666667,7.23333333333333,-6.13333333333333,-9.2,17.0666666666667,26.3666666666667,6.9,3.33333333333333,423.54,5.9,-1.6,13.4
100.08,41.72,134.67,147.07,9.33333333333333,16.7666666666667,0.366666666666667,-2.96666666666667,1.56666666666667,7.23333333333333,-6.13333333333333,-9.2,17.0666666666667,26.3666666666667,6.9,3.33333333333333,423.54,5.9,-1.6,13.4
97,39.03,127.75,138.81,9.26666666666667,16.6333333333333,0.2,-3.16666666666667,1.46666666666667,7,-6.33333333333333,-9.43333333333333,17.0333333333333,26.2666666666667,6.76666666666667,3.1,402.59,5.7,-1.8,13.3
97,39.03,127.75,138.81,9.26666666666667,16.6333333333333,0.2,-3.16666666666667,1.46666666666667,7,-6.33333333333333,-9.43333333333333,17.0333333333333,26.2666666666667,6.76666666666667,3.1,402.59,5.7,-1.8,13.3
97,39.03,127.75,138.81,9.26666666666667,16.6333333333333,0.2,-3.16666666666667,1.46666666666667,7,-6.33333333333333,-9.43333333333333,17.0333333333333,26.2666666666667,6.76666666666667,3.1,402.59,5.7,-1.8,13.3
97,39.03,127.75,138.81,9.26666666666667,16.6333333333333,0.2,-3.16666666666667,1.46666666666667,7,-6.33333333333333,-9.43333333333333,17.0333333333333,26.2666666666667,6.76666666666667,3.1,402.59,5.7,-1.8,13.3
100.08,41.72,134.67,147.07,9.33333333333333,16.7666666666667,0.366666666666667,-2.96666666666667,1.56666666666667,7.23333333333333,-6.13333333333333,-9.2,17.0666666666667,26.3666666666667,6.9,3.33333333333333,423.54,5.9,-1.6,13.4
100.08,41.72,134.67,147.07,9.33333333333333,16.7666666666667,0.366666666666667,-2.96666666666667,1.56666666666667,7.23333333333333,-6.13333333333333,-9.2,17.0666666666667,26.3666666666667,6.9,3.33333333333333,423.54,5.9,-1.6,13.4
100.08,41.72,134.67,147.07,9.33333333333333,16.7666666666667,0.366666666666667,-2.96666666666667,1.56666666666667,7.23333333333333,-6.13333333333333,-9.2,17.0666666666667,26.3666666666667,6.9,3.33333333333333,423.54,5.9,-1.6,13.4
100.08,41.72,134.67,147.07,9.33333333333333,16.7666666666667,0.366666666666667,-2.96666666666667,1.56666666666667,7.23333333333333,-6.13333333333333,-9.2,17.0666666666667,26.3666666666667,6.9,3.33333333333333,423.54,5.9,-1.6,13.4
100.08,41.72,134.67,147.07,9.33333333333333,16.7666666666667,0.366666666666667,-2.96666666666667,1.56666666666667,7.23333333333333,-6.13333333333333,-9.2,17.0666666666667,26.3666666666667,6.9,3.33333333333333,423.54,5.9,-1.6,13.4
100.08,41.72,134.67,147.07,9.33333333333333,16.7666666666667,0.366666666666667,-2.96666666666667,1.56666666666667,7.23333333333333,-6.13333333333333,-9.2,17.0666666666667,26.3666666666667,6.9,3.33333333333333,423.54,5.9,-1.6,13.4
100.08,41.72,134.67,147.07,9.33333333333333,16.7666666666667,0.366666666666667,-2.96666666666667,1.56666666666667,7.23333333333333,-6.13333333333333,-9.2,17.0666666666667,26.3666666666667,6.9,3.33333333333333,423.54,5.9,-1.6,13.4
100.08,41.72,134.67,147.07,9.33333333333333,16.7666666666667,0.366666666666667,-2.96666666666667,1.56666666666667,7.23333333333333,-6.13333333333333,-9.2,17.0666666666667,26.3666666666667,6.9,3.33333333333333,423.54,5.9,-1.6,13.4
100.08,41.72,134.67,147.07,9.33333333333333,16.7666666666667,0.366666666666667,-2.96666666666667,1.56666666666667,7.23333333333333,-6.13333333333333,-9.2,17.0666666666667,26.3666666666667,6.9,3.33333333333333,423.54,5.9,-1.6,13.4
100.08,41.72,134.67,147.07,9.33333333333333,16.7666666666667,0.366666666666667,-2.96666666666667,1.56666666666667,7.23333333333333,-6.13333333333333,-9.2,17.0666666666667,26.3666666666667,6.9,3.33333333333333,423.54,5.9,-1.6,13.4
100.08,41.72,134.67,147.07,9.33333333333333,16.7666666666667,0.366666666666667,-2.96666666666667,1.56666666666667,7.23333333333333,-6.13333333333333,-9.2,17.0666666666667,26.3666666666667,6.9,3.33333333333333,423.54,5.9,-1.6,13.4
100.08,41.72,134.67,147.07,9.33333333333333,16.7666666666667,0.366666666666667,-2.96666666666667,1.56666666666667,7.23333333333333,-6.13333333333333,-9.2,17.0666666666667,26.3666666666667,6.9,3.33333333333333,423.54,5.9,-1.6,13.4
98.35,40.3,131.09,143.18,9.56666666666667,17.0333333333333,0.4,-3.06666666666667,1.86666666666667,7.53333333333333,-6.06666666666667,-9.26666666666667,17.2666666666667,26.5666666666667,6.9,3.1,412.92,6,-1.5,13.5
98.35,40.3,131.09,143.18,9.56666666666667,17.0333333333333,0.4,-3.06666666666667,1.86666666666667,7.53333333333333,-6.06666666666667,-9.26666666666667,17.2666666666667,26.5666666666667,6.9,3.1,412.92,6,-1.5,13.5
98.35,40.3,131.09,143.18,9.56666666666667,17.0333333333333,0.4,-3.06666666666667,1.86666666666667,7.53333333333333,-6.06666666666667,-9.26666666666667,17.2666666666667,26.5666666666667,6.9,3.1,412.92,6,-1.5,13.5
98.35,40.3,131.09,143.18,9.56666666666667,17.0333333333333,0.4,-3.06666666666667,1.86666666666667,7.53333333333333,-6.06666666666667,-9.26666666666667,17.2666666666667,26.5666666666667,6.9,3.1,412.92,6,-1.5,13.5
94.63,37.33,124.08,134.6,9.86666666666667,17.2333333333333,0.433333333333333,-3.2,2.1,7.63333333333333,-6.1,-9.33333333333333,17.6333333333333,26.9333333333333,7,2.96666666666667,390.64,6.1,-1.4,13.6
94.63,37.33,124.08,134.6,9.86666666666667,17.2333333333333,0.433333333333333,-3.2,2.1,7.63333333333333,-6.1,-9.33333333333333,17.6333333333333,26.9333333333333,7,2.96666666666667,390.64,6.1,-1.4,13.6
94.63,37.33,124.08,134.6,9.86666666666667,17.2333333333333,0.433333333333333,-3.2,2.1,7.63333333333333,-6.1,-9.33333333333333,17.6333333333333,26.9333333333333,7,2.96666666666667,390.64,6.1,-1.4,13.6
94.63,37.33,124.08,134.6,9.86666666666667,17.2333333333333,0.433333333333333,-3.2,2.1,7.63333333333333,-6.1,-9.33333333333333,17.6333333333333,26.9333333333333,7,2.96666666666667,390.64,6.1,-1.4,13.6
165.45,96.06,77.27,61.18,9.6,16.6,0.466666666666667,-2.56666666666667,2.4,7.76666666666667,-4.96666666666667,-8.1,16.8333333333333,25.4333333333333,5.93333333333333,2.93333333333333,399.97,6,-0.7,12.8
165.45,96.06,77.27,61.18,9.6,16.6,0.466666666666667,-2.56666666666667,2.4,7.76666666666667,-4.96666666666667,-8.1,16.8333333333333,25.4333333333333,5.93333333333333,2.93333333333333,399.97,6,-0.7,12.8
165.45,96.06,77.27,61.18,9.6,16.6,0.466666666666667,-2.56666666666667,2.4,7.76666666666667,-4.96666666666667,-8.1,16.8333333333333,25.4333333333333,5.93333333333333,2.93333333333333,399.97,6,-0.7,12.8
147.8,91.1,118.22,110.25,7.9,14.8666666666667,-0.933333333333333,-4.16666666666667,-0.0333333333333335,5.86666666666667,-7.26666666666667,-10.3333333333333,15.8,23.8333333333333,5.46666666666667,2.03333333333333,467.36,4.4,-2.9,11.8
147.8,91.1,118.22,110.25,7.9,14.8666666666667,-0.933333333333333,-4.16666666666667,-0.0333333333333335,5.86666666666667,-7.26666666666667,-10.3333333333333,15.8,23.8333333333333,5.46666666666667,2.03333333333333,467.36,4.4,-2.9,11.8
147.8,91.1,118.22,110.25,7.9,14.8666666666667,-0.933333333333333,-4.16666666666667,-0.0333333333333335,5.86666666666667,-7.26666666666667,-10.3333333333333,15.8,23.8333333333333,5.46666666666667,2.03333333333333,467.36,4.4,-2.9,11.8
147.8,91.1,118.22,110.25,7.9,14.8666666666667,-0.933333333333333,-4.16666666666667,-0.0333333333333335,5.86666666666667,-7.26666666666667,-10.3333333333333,15.8,23.8333333333333,5.46666666666667,2.03333333333333,467.36,4.4,-2.9,11.8
147.8,91.1,118.22,110.25,7.9,14.8666666666667,-0.933333333333333,-4.16666666666667,-0.0333333333333335,5.86666666666667,-7.26666666666667,-10.3333333333333,15.8,23.8333333333333,5.46666666666667,2.03333333333333,467.36,4.4,-2.9,11.8
147.8,91.1,118.22,110.25,7.9,14.8666666666667,-0.933333333333333,-4.16666666666667,-0.0333333333333335,5.86666666666667,-7.26666666666667,-10.3333333333333,15.8,23.8333333333333,5.46666666666667,2.03333333333333,467.36,4.4,-2.9,11.8
147.8,91.1,118.22,110.25,7.9,14.8666666666667,-0.933333333333333,-4.16666666666667,-0.0333333333333335,5.86666666666667,-7.26666666666667,-10.3333333333333,15.8,23.8333333333333,5.46666666666667,2.03333333333333,467.36,4.4,-2.9,11.8
147.8,91.1,118.22,110.25,7.9,14.8666666666667,-0.933333333333333,-4.16666666666667,-0.0333333333333335,5.86666666666667,-7.26666666666667,-10.3333333333333,15.8,23.8333333333333,5.46666666666667,2.03333333333333,467.36,4.4,-2.9,11.8
147.8,91.1,118.22,110.25,7.9,14.8666666666667,-0.933333333333333,-4.16666666666667,-0.0333333333333335,5.86666666666667,-7.26666666666667,-10.3333333333333,15.8,23.8333333333333,5.46666666666667,2.03333333333333,467.36,4.4,-2.9,11.8
147.8,91.1,118.22,110.25,7.9,14.8666666666667,-0.933333333333333,-4.16666666666667,-0.0333333333333335,5.86666666666667,-7.26666666666667,-10.3333333333333,15.8,23.8333333333333,5.46666666666667,2.03333333333333,467.36,4.4,-2.9,11.8
147.8,91.1,118.22,110.25,7.9,14.8666666666667,-0.933333333333333,-4.16666666666667,-0.0333333333333335,5.86666666666667,-7.26666666666667,-10.3333333333333,15.8,23.8333333333333,5.46666666666667,2.03333333333333,467.36,4.4,-2.9,11.8
147.8,91.1,118.22,110.25,7.9,14.8666666666667,-0.933333333333333,-4.16666666666667,-0.0333333333333335,5.86666666666667,-7.26666666666667,-10.3333333333333,15.8,23.8333333333333,5.46666666666667,2.03333333333333,467.36,4.4,-2.9,11.8
147.8,91.1,118.22,110.25,7.9,14.8666666666667,-0.933333333333333,-4.16666666666667,-0.0333333333333335,5.86666666666667,-7.26666666666667,-10.3333333333333,15.8,23.8333333333333,5.46666666666667,2.03333333333333,467.36,4.4,-2.9,11.8
147.8,91.1,118.22,110.25,7.9,14.8666666666667,-0.933333333333333,-4.16666666666667,-0.0333333333333335,5.86666666666667,-7.26666666666667,-10.3333333333333,15.8,23.8333333333333,5.46666666666667,2.03333333333333,467.36,4.4,-2.9,11.8
147.8,91.1,118.22,110.25,7.9,14.8666666666667,-0.933333333333333,-4.16666666666667,-0.0333333333333335,5.86666666666667,-7.26666666666667,-10.3333333333333,15.8,23.8333333333333,5.46666666666667,2.03333333333333,467.36,4.4,-2.9,11.8
147.8,91.1,118.22,110.25,7.9,14.8666666666667,-0.933333333333333,-4.16666666666667,-0.0333333333333335,5.86666666666667,-7.26666666666667,-10.3333333333333,15.8,23.8333333333333,5.46666666666667,2.03333333333333,467.36,4.4,-2.9,11.8
147.8,91.1,118.22,110.25,7.9,14.8666666666667,-0.933333333333333,-4.16666666666667,-0.0333333333333335,5.86666666666667,-7.26666666666667,-10.3333333333333,15.8,23.8333333333333,5.46666666666667,2.03333333333333,467.36,4.4,-2.9,11.8
147.8,91.1,118.22,110.25,7.9,14.8666666666667,-0.933333333333333,-4.16666666666667,-0.0333333333333335,5.86666666666667,-7.26666666666667,-10.3333333333333,15.8,23.8333333333333,5.46666666666667,2.03333333333333,467.36,4.4,-2.9,11.8
147.8,91.1,118.22,110.25,7.9,14.8666666666667,-0.933333333333333,-4.16666666666667,-0.0333333333333335,5.86666666666667,-7.26666666666667,-10.3333333333333,15.8,23.8333333333333,5.46666666666667,2.03333333333333,467.36,4.4,-2.9,11.8
147.8,91.1,118.22,110.25,7.9,14.8666666666667,-0.933333333333333,-4.16666666666667,-0.0333333333333335,5.86666666666667,-7.26666666666667,-10.3333333333333,15.8,23.8333333333333,5.46666666666667,2.03333333333333,467.36,4.4,-2.9,11.8
147.8,91.1,118.22,110.25,7.9,14.8666666666667,-0.933333333333333,-4.16666666666667,-0.0333333333333335,5.86666666666667,-7.26666666666667,-10.3333333333333,15.8,23.8333333333333,5.46666666666667,2.03333333333333,467.36,4.4,-2.9,11.8
186.9,91.39,85.28,65.94,9.66666666666667,16.6666666666667,0.833333333333333,-1.93333333333333,2.5,7.63333333333333,-5.23333333333333,-7.9,16.8666666666667,25.7333333333333,6.86666666666667,4.03333333333333,429.53,6.3,-0.8,13.4
186.9,91.39,85.28,65.94,9.66666666666667,16.6666666666667,0.833333333333333,-1.93333333333333,2.5,7.63333333333333,-5.23333333333333,-7.9,16.8666666666667,25.7333333333333,6.86666666666667,4.03333333333333,429.53,6.3,-0.8,13.4
186.9,91.39,85.28,65.94,9.66666666666667,16.6666666666667,0.833333333333333,-1.93333333333333,2.5,7.63333333333333,-5.23333333333333,-7.9,16.8666666666667,25.7333333333333,6.86666666666667,4.03333333333333,429.53,6.3,-0.8,13.4
134.76,34.79,180.78,189.6,12.9,20.0333333333333,2.8,0.2,4.63333333333333,9.56666666666667,-3.5,-5.4,21.1333333333333,30.5,9.1,5.73333333333333,539.92,9,1.3,16.6
134.76,34.79,180.78,189.6,12.9,20.0333333333333,2.8,0.2,4.63333333333333,9.56666666666667,-3.5,-5.4,21.1333333333333,30.5,9.1,5.73333333333333,539.92,9,1.3,16.6
134.76,34.79,180.78,189.6,12.9,20.0333333333333,2.8,0.2,4.63333333333333,9.56666666666667,-3.5,-5.4,21.1333333333333,30.5,9.1,5.73333333333333,539.92,9,1.3,16.6
186.34,92.3,82.8,69.87,11.1,18.7,1.5,-2,3.9,9.93333333333333,-5.53333333333333,-8.73333333333333,18.2666666666667,27.4666666666667,8.53333333333333,4.73333333333333,431.32,7.3,-0.1,14.7
186.34,92.3,82.8,69.87,11.1,18.7,1.5,-2,3.9,9.93333333333333,-5.53333333333333,-8.73333333333333,18.2666666666667,27.4666666666667,8.53333333333333,4.73333333333333,431.32,7.3,-0.1,14.7
186.34,92.3,82.8,69.87,11.1,18.7,1.5,-2,3.9,9.93333333333333,-5.53333333333333,-8.73333333333333,18.2666666666667,27.4666666666667,8.53333333333333,4.73333333333333,431.32,7.3,-0.1,14.7
186.34,92.3,82.8,69.87,11.1,18.7,1.5,-2,3.9,9.93333333333333,-5.53333333333333,-8.73333333333333,18.2666666666667,27.4666666666667,8.53333333333333,4.73333333333333,431.32,7.3,-0.1,14.7
186.34,92.3,82.8,69.87,11.1,18.7,1.5,-2,3.9,9.93333333333333,-5.53333333333333,-8.73333333333333,18.2666666666667,27.4666666666667,8.53333333333333,4.73333333333333,431.32,7.3,-0.1,14.7
186.34,92.3,82.8,69.87,11.1,18.7,1.5,-2,3.9,9.93333333333333,-5.53333333333333,-8.73333333333333,18.2666666666667,27.4666666666667,8.53333333333333,4.73333333333333,431.32,7.3,-0.1,14.7
186.34,92.3,82.8,69.87,11.1,18.7,1.5,-2,3.9,9.93333333333333,-5.53333333333333,-8.73333333333333,18.2666666666667,27.4666666666667,8.53333333333333,4.73333333333333,431.32,7.3,-0.1,14.7
186.34,92.3,82.8,69.87,11.1,18.7,1.5,-2,3.9,9.93333333333333,-5.53333333333333,-8.73333333333333,18.2666666666667,27.4666666666667,8.53333333333333,4.73333333333333,431.32,7.3,-0.1,14.7
186.34,92.3,82.8,69.87,11.1,18.7,1.5,-2,3.9,9.93333333333333,-5.53333333333333,-8.73333333333333,18.2666666666667,27.4666666666667,8.53333333333333,4.73333333333333,431.32,7.3,-0.1,14.7
186.34,92.3,82.8,69.87,11.1,18.7,1.5,-2,3.9,9.93333333333333,-5.53333333333333,-8.73333333333333,18.2666666666667,27.4666666666667,8.53333333333333,4.73333333333333,431.32,7.3,-0.1,14.7
186.34,92.3,82.8,69.87,11.1,18.7,1.5,-2,3.9,9.93333333333333,-5.53333333333333,-8.73333333333333,18.2666666666667,27.4666666666667,8.53333333333333,4.73333333333333,431.32,7.3,-0.1,14.7
186.34,92.3,82.8,69.87,11.1,18.7,1.5,-2,3.9,9.93333333333333,-5.53333333333333,-8.73333333333333,18.2666666666667,27.4666666666667,8.53333333333333,4.73333333333333,431.32,7.3,-0.1,14.7
186.34,92.3,82.8,69.87,11.1,18.7,1.5,-2,3.9,9.93333333333333,-5.53333333333333,-8.73333333333333,18.2666666666667,27.4666666666667,8.53333333333333,4.73333333333333,431.32,7.3,-0.1,14.7
186.34,92.3,82.8,69.87,11.1,18.7,1.5,-2,3.9,9.93333333333333,-5.53333333333333,-8.73333333333333,18.2666666666667,27.4666666666667,8.53333333333333,4.73333333333333,431.32,7.3,-0.1,14.7
186.34,92.3,82.8,69.87,11.1,18.7,1.5,-2,3.9,9.93333333333333,-5.53333333333333,-8.73333333333333,18.2666666666667,27.4666666666667,8.53333333333333,4.73333333333333,431.32,7.3,-0.1,14.7
186.34,92.3,82.8,69.87,11.1,18.7,1.5,-2,3.9,9.93333333333333,-5.53333333333333,-8.73333333333333,18.2666666666667,27.4666666666667,8.53333333333333,4.73333333333333,431.32,7.3,-0.1,14.7
186.34,92.3,82.8,69.87,11.1,18.7,1.5,-2,3.9,9.93333333333333,-5.53333333333333,-8.73333333333333,18.2666666666667,27.4666666666667,8.53333333333333,4.73333333333333,431.32,7.3,-0.1,14.7
186.34,92.3,82.8,69.87,11.1,18.7,1.5,-2,3.9,9.93333333333333,-5.53333333333333,-8.73333333333333,18.2666666666667,27.4666666666667,8.53333333333333,4.73333333333333,431.32,7.3,-0.1,14.7
160.61,45.58,155.23,138.68,12.0666666666667,18.9333333333333,3.3,1.1,4.13333333333333,8.6,-2.6,-4.1,19.9333333333333,29.2666666666667,9.23333333333333,6.3,500.1,8.8,1.5,16.2
160.61,45.58,155.23,138.68,12.0666666666667,18.9333333333333,3.3,1.1,4.13333333333333,8.6,-2.6,-4.1,19.9333333333333,29.2666666666667,9.23333333333333,6.3,500.1,8.8,1.5,16.2
160.61,45.58,155.23,138.68,12.0666666666667,18.9333333333333,3.3,1.1,4.13333333333333,8.6,-2.6,-4.1,19.9333333333333,29.2666666666667,9.23333333333333,6.3,500.1,8.8,1.5,16.2
174.3,94.28,69.42,63.36,11.6333333333333,19.0666666666667,1.46666666666667,-2.06666666666667,4,9.76666666666667,-5.9,-9.13333333333333,19.2666666666667,28.4,8.76666666666667,5,401.37,7.5,-0.3,15.4
174.3,94.28,69.42,63.36,11.6333333333333,19.0666666666667,1.46666666666667,-2.06666666666667,4,9.76666666666667,-5.9,-9.13333333333333,19.2666666666667,28.4,8.76666666666667,5,401.37,7.5,-0.3,15.4
174.3,94.28,69.42,63.36,11.6333333333333,19.0666666666667,1.46666666666667,-2.06666666666667,4,9.76666666666667,-5.9,-9.13333333333333,19.2666666666667,28.4,8.76666666666667,5,401.37,7.5,-0.3,15.4
174.3,94.28,69.42,63.36,11.6333333333333,19.0666666666667,1.46666666666667,-2.06666666666667,4,9.76666666666667,-5.9,-9.13333333333333,19.2666666666667,28.4,8.76666666666667,5,401.37,7.5,-0.3,15.4
174.3,94.28,69.42,63.36,11.6333333333333,19.0666666666667,1.46666666666667,-2.06666666666667,4,9.76666666666667,-5.9,-9.13333333333333,19.2666666666667,28.4,8.76666666666667,5,401.37,7.5,-0.3,15.4
174.3,94.28,69.42,63.36,11.6333333333333,19.0666666666667,1.46666666666667,-2.06666666666667,4,9.76666666666667,-5.9,-9.13333333333333,19.2666666666667,28.4,8.76666666666667,5,401.37,7.5,-0.3,15.4
183.99,105.84,84.79,67.09,8.63333333333333,15.8,0.0333333333333332,-2.93333333333333,1.7,7.3,-5.46666666666667,-8.53333333333333,15.6,24.3333333333333,5.53333333333333,2.7,441.7,5.4,-1.3,12
183.99,105.84,84.79,67.09,8.63333333333333,15.8,0.0333333333333332,-2.93333333333333,1.7,7.3,-5.46666666666667,-8.53333333333333,15.6,24.3333333333333,5.53333333333333,2.7,441.7,5.4,-1.3,12
158.61,134.03,50.07,38.96,10.7,18.0666666666667,2.4,-0.666666666666667,3.63333333333333,10.1666666666667,-4.26666666666667,-7.1,17.7666666666667,25.9333333333333,9.03333333333333,5.76666666666667,381.67,7.6,0.6,14.6
107.59,29.62,99.41,109.51,11.2333333333333,18.8666666666667,3.2,1.1,3.7,9.7,-3.13333333333333,-4.53333333333333,18.7666666666667,28.0333333333333,9.56666666666667,6.73333333333333,346.13,8.6,1.4,15.8
107.59,29.62,99.41,109.51,11.2333333333333,18.8666666666667,3.2,1.1,3.7,9.7,-3.13333333333333,-4.53333333333333,18.7666666666667,28.0333333333333,9.56666666666667,6.73333333333333,346.13,8.6,1.4,15.8
107.59,29.62,99.41,109.51,11.2333333333333,18.8666666666667,3.2,1.1,3.7,9.7,-3.13333333333333,-4.53333333333333,18.7666666666667,28.0333333333333,9.56666666666667,6.73333333333333,346.13,8.6,1.4,15.8
200.74,93.5,91.74,75.5,11.1,18.6,1.46666666666667,-1.9,3.96666666666667,9.9,-5.46666666666667,-8.63333333333333,18.2333333333333,27.2666666666667,8.46666666666667,4.8,461.5,7.3,0,14.7
200.74,93.5,91.74,75.5,11.1,18.6,1.46666666666667,-1.9,3.96666666666667,9.9,-5.46666666666667,-8.63333333333333,18.2333333333333,27.2666666666667,8.46666666666667,4.8,461.5,7.3,0,14.7
200.74,93.5,91.74,75.5,11.1,18.6,1.46666666666667,-1.9,3.96666666666667,9.9,-5.46666666666667,-8.63333333333333,18.2333333333333,27.2666666666667,8.46666666666667,4.8,461.5,7.3,0,14.7
200.74,93.5,91.74,75.5,11.1,18.6,1.46666666666667,-1.9,3.96666666666667,9.9,-5.46666666666667,-8.63333333333333,18.2333333333333,27.2666666666667,8.46666666666667,4.8,461.5,7.3,0,14.7
